Date,Subways: Total Estimated Ridership,Subways: % of Comparable Pre-Pandemic Day,Buses: Total Estimated Ridership,Buses: % of Comparable Pre-Pandemic Day,LIRR: Total Estimated Ridership,LIRR: % of 2019 Monthly Weekday/Saturday/Sunday Average,Metro-North: Total Estimated Ridership,Metro-North: % of 2019 Monthly Weekday/Saturday/Sunday Average,Access-A-Ride: Total Scheduled Trips,Access-A-Ride: % of Comparable Pre-Pandemic Day,Bridges and Tunnels: Total Traffic,Bridges and Tunnels: % of Comparable Pre-Pandemic Day
02/15/2023,3763991,0.69,1378359,0.64,197344,0.65,181992,0.68,29119,0.99,904926,1.02
02/14/2023,3818310,0.7,1443405,0.67,200327,0.66,179811,0.67,29001,0.99,897813,1.02
02/13/2023,3308390,0.61,1365732,0.63,180002,0.59,159742,0.59,25900,0.88,854394,0.97
02/12/2023,1745803,0.8,656782,0.67,67457,0.86,63383,0.69,16305,0.97,749533,0.99
02/11/2023,2333226,0.81,862688,0.68,94434,1.01,88281,0.67,16638,1.02,865505,1.04
02/10/2023,3544255,0.65,1414393,0.66,179637,0.59,154760,0.57,28094,0.95,947991,1.07
02/09/2023,3762054,0.69,1458305,0.68,193326,0.64,172508,0.64,28515,0.97,909007,1.03
02/08/2023,3788204,0.7,1509779,0.7,197370,0.65,180852,0.67,29653,1.01,884755,1
02/07/2023,3746189,0.69,1489628,0.69,201438,0.67,183389,0.68,28688,0.97,867827,0.98
02/06/2023,3379513,0.62,1431232,0.67,181320,0.6,157813,0.59,26639,0.91,849008,0.96
02/05/2023,1626897,0.74,650623,0.67,69379,0.89,62640,0.69,15413,0.91,758529,1.01
02/04/2023,1743990,0.61,598818,0.47,69433,0.74,64032,0.49,13439,0.83,737000,0.89
02/03/2023,3195369,0.59,1246821,0.58,158579,0.52,135908,0.5,26238,0.89,887417,1
02/02/2023,3707389,0.68,1478477,0.69,187799,0.62,169864,0.63,27917,0.95,894790,1.01
02/01/2023,3690346,0.68,1460146,0.68,184043,0.61,169846,0.63,28492,0.97,868518,0.98
01/31/2023,3661997,0.71,1365926,0.67,198755,0.66,183485,0.68,27308,0.97,852930,0.98
01/30/2023,3230154,0.63,1371537,0.67,180476,0.6,159176,0.59,25676,0.91,850406,0.98
01/29/2023,1639092,0.78,647923,0.71,73109,0.88,65422,0.72,15371,1.14,764625,1.12
01/28/2023,2250440,0.83,861680,0.72,98609,1.01,89845,0.69,15577,1.07,841863,1.1
01/27/2023,3341423,0.65,1341589,0.66,178881,0.59,149763,0.56,26826,0.95,920095,1.06
01/26/2023,3636122,0.7,1408545,0.69,190219,0.63,173696,0.65,27061,0.96,890830,1.03
01/25/2023,3518008,0.68,1342717,0.66,188247,0.62,171748,0.64,26738,0.95,815210,0.94
01/24/2023,3574091,0.69,1410676,0.69,196319,0.65,182127,0.68,27701,0.98,863886,0.99
01/23/2023,3141424,0.61,1281037,0.63,172927,0.57,155439,0.58,25087,0.89,809261,0.93
01/22/2023,1594865,0.76,611151,0.67,64883,0.78,61728,0.68,14721,1.09,744230,1.09
01/21/2023,2139227,0.79,823236,0.69,88435,0.91,84763,0.65,15580,1.07,826850,1.08
01/20/2023,3382079,0.66,1383181,0.68,173943,0.58,150003,0.56,26548,0.94,915022,1.05
01/19/2023,3499151,0.68,1327804,0.65,179752,0.59,170122,0.63,26737,0.95,862336,0.99
01/18/2023,3610832,0.7,1449590,0.71,198264,0.66,182209,0.68,29223,1.03,877542,1.01
01/17/2023,3459096,0.67,1399573,0.68,193345,0.64,183675,0.68,27214,0.96,870650,1
01/16/2023,2175358,1.04,884152,0.96,82416,1,75892,0.84,14617,0.52,812347,1.19
01/15/2023,1707314,0.82,621041,0.68,72479,0.88,70493,0.78,15198,1.13,757778,1.11
01/14/2023,2074446,0.76,785952,0.66,84718,0.87,83565,0.64,15407,1.06,817979,1.07
01/13/2023,3276062,0.63,1345748,0.66,167475,0.55,147885,0.55,26085,0.92,922864,1.06
01/12/2023,3479859,0.67,1364715,0.67,188850,0.62,168701,0.63,27119,0.96,881579,1.01
01/11/2023,3516128,0.68,1421914,0.69,188904,0.63,174350,0.65,27991,0.99,864282,0.99
01/10/2023,3476591,0.67,1412543,0.69,196817,0.65,179531,0.67,27309,0.97,859974,0.99
01/09/2023,3152372,0.61,1353638,0.66,173594,0.57,157335,0.58,24923,0.88,829372,0.95
01/08/2023,1612293,0.77,628612,0.68,68647,0.83,64894,0.72,15157,1.12,739656,1.08
01/07/2023,2118435,0.78,806981,0.67,87215,0.9,85244,0.66,14828,1.02,808570,1.06
01/06/2023,3235908,0.63,1319595,0.64,161259,0.53,142525,0.53,25824,0.91,873654,1.01
01/05/2023,3435562,0.67,1378698,0.67,175278,0.58,166642,0.62,26808,0.95,859218,0.99
01/04/2023,3420334,0.66,1391449,0.68,182834,0.61,170847,0.63,26848,0.95,839120,0.97
01/03/2023,3182630,0.62,1268913,0.62,179109,0.59,167136,0.62,24868,0.88,815532,0.94
01/02/2023,1940825,0.93,739507,0.81,76247,0.92,72404,0.8,10136,0.36,692984,1.02
01/01/2023,1677278,0.8,475226,0.52,67722,0.82,66309,0.73,11476,0.85,737533,1.08
12/31/2022,1928948,0.58,651474,0.51,81590,0.64,81198,0.52,14090,0.82,686434,0.78
12/30/2022,3068818,0.57,1087122,0.54,193989,0.61,176215,0.63,22951,0.79,926881,1.05
12/29/2022,3045029,0.57,1099513,0.55,189075,0.6,167129,0.6,23200,0.8,916565,1.03
12/28/2022,2952435,0.55,1088279,0.54,182226,0.58,163499,0.59,23571,0.81,891790,1.01
12/27/2022,2734742,0.51,1027687,0.51,178880,0.57,156503,0.56,21363,0.73,881989,1
12/26/2022,1815056,0.71,644828,0.66,87401,0.82,89137,0.83,9327,0.32,764686,0.96
12/25/2022,1009457,0.4,321245,0.33,51896,0.49,47454,0.44,13709,0.77,730783,0.92
12/24/2022,1412773,0.42,497129,0.39,61701,0.48,60373,0.38,12759,0.74,746316,0.84
12/23/2022,2742539,0.51,1057686,0.53,163716,0.52,138857,0.5,20359,0.7,812831,0.92
12/22/2022,3192811,0.6,1269330,0.63,177675,0.56,147366,0.53,25244,0.87,936662,1.06
12/21/2022,3570229,0.67,1393290,0.7,191684,0.61,168379,0.6,28480,0.98,953676,1.08
12/20/2022,3593130,0.67,1398728,0.7,191991,0.61,173346,0.62,27148,0.93,923333,1.04
12/19/2022,3388002,0.63,1352455,0.68,178278,0.56,159383,0.57,25529,0.88,886717,1
12/18/2022,1968686,0.77,668994,0.68,87146,0.82,87425,0.81,16036,0.9,842911,1.06
12/17/2022,2579842,0.78,884283,0.7,114272,0.89,123286,0.78,16788,0.97,933667,1.06
12/16/2022,3275839,0.61,1221634,0.61,170615,0.54,151244,0.54,24074,0.83,917332,1.04
12/15/2022,3733155,0.7,1363160,0.68,191261,0.61,173709,0.62,27034,0.93,931870,1.05
12/14/2022,3784573,0.71,1435020,0.72,196921,0.62,183484,0.66,29081,1,940858,1.06
12/13/2022,3771138,0.7,1437228,0.72,197613,0.63,183214,0.66,28234,0.97,908198,1.03
12/12/2022,3473816,0.65,1384864,0.69,182973,0.58,163516,0.59,25771,0.88,876300,0.99
12/11/2022,1866682,0.73,618870,0.63,77607,0.73,74273,0.69,14949,0.84,777867,0.98
12/10/2022,2665366,0.8,869320,0.69,112142,0.88,119858,0.76,16232,0.94,900034,1.02
12/09/2022,3717307,0.69,1386473,0.69,185104,0.59,165147,0.59,26213,0.9,964167,1.09
12/08/2022,3939040,0.74,1480877,0.74,192958,0.61,182314,0.65,28292,0.97,948091,1.07
12/07/2022,3842859,0.72,1442871,0.72,194436,0.62,178345,0.64,27941,0.96,899007,1.01
12/06/2022,3760746,0.7,1414979,0.71,195892,0.62,178862,0.64,27305,0.94,878388,0.99
12/05/2022,3488653,0.65,1429308,0.71,183238,0.58,164873,0.59,26409,0.91,873767,0.99
12/04/2022,1991745,0.78,681713,0.7,81381,0.76,80173,0.75,15763,0.88,804122,1.01
12/03/2022,2293154,0.69,760109,0.6,87730,0.68,89976,0.57,15540,0.9,815868,0.92
12/02/2022,3607080,0.67,1395642,0.7,172860,0.55,152746,0.55,27007,0.93,933219,1.05
12/01/2022,3778033,0.71,1459934,0.73,181825,0.58,166856,0.6,27018,0.93,931376,1.05
11/30/2022,3575617,0.63,1356729,0.62,189152,0.58,177367,0.62,26469,0.85,857882,0.91
11/29/2022,3604404,0.64,1455294,0.66,192494,0.59,181370,0.63,27009,0.87,891057,0.94
11/28/2022,3273091,0.58,1397963,0.64,186710,0.57,163694,0.57,24969,0.8,904337,0.96
11/27/2022,1477636,0.59,562073,0.56,79973,0.85,76680,0.74,13063,0.69,814703,0.99
11/26/2022,2001894,0.63,781665,0.59,105304,0.91,106685,0.71,12576,0.74,852829,0.94
11/25/2022,2062019,0.82,842892,0.85,163354,1.73,148368,1.43,12834,0.41,766290,0.93
11/24/2022,1384272,0.55,515903,0.52,90771,0.96,90057,0.86,18369,0.59,859064,1.04
11/23/2022,3270860,0.58,1358016,0.62,210438,0.64,184135,0.64,25032,0.8,983719,1.04
11/22/2022,3556344,0.63,1447618,0.66,200264,0.61,183771,0.64,27957,0.9,982740,1.04
11/21/2022,3370643,0.6,1393031,0.64,185570,0.57,166517,0.58,25766,0.83,896487,0.95
11/20/2022,1722266,0.68,645986,0.65,74524,0.79,74870,0.72,15556,0.83,830876,1.01
11/19/2022,2325079,0.74,864766,0.66,97654,0.85,101076,0.67,16076,0.95,929687,1.02
11/18/2022,3545748,0.63,1412974,0.65,183576,0.56,161777,0.57,27236,0.87,981421,1.04
11/17/2022,3805448,0.67,1493119,0.68,193797,0.59,178147,0.62,28778,0.92,962670,1.02
11/16/2022,3759362,0.66,1484607,0.68,194893,0.59,179233,0.63,28574,0.92,912685,0.97
11/15/2022,3721403,0.66,1483782,0.68,196179,0.6,182790,0.64,28155,0.9,903257,0.96
11/14/2022,3408210,0.6,1441705,0.66,181582,0.55,165573,0.58,25728,0.82,889804,0.94
11/13/2022,1795682,0.71,662034,0.66,76869,0.81,76460,0.73,15544,0.83,859975,1.04
11/12/2022,2433681,0.77,893837,0.68,94911,0.82,106101,0.7,15153,0.89,889070,0.98
11/11/2022,2999266,1.19,1077574,1.08,172756,1.83,154511,1.48,20634,0.66,870209,1.06
11/10/2022,3809979,0.67,1516812,0.69,203722,0.62,180584,0.63,28385,0.91,976695,1.04
11/09/2022,3779752,0.67,1517250,0.69,199030,0.61,180581,0.63,28589,0.92,921392,0.98
11/08/2022,3438163,0.61,1356894,0.62,201028,0.61,183142,0.64,25939,0.83,888462,0.94
11/07/2022,3464233,0.61,1478731,0.68,190295,0.58,168401,0.59,26193,0.84,901997,0.96
11/06/2022,2119185,0.84,648085,0.65,92648,0.98,94517,0.91,13926,0.74,779295,0.95
11/05/2022,2452571,0.78,918127,0.7,96845,0.84,110793,0.73,16790,0.99,940206,1.03
11/04/2022,3593171,0.64,1459619,0.67,180084,0.55,161378,0.56,27340,0.88,975347,1.03
11/03/2022,3810131,0.67,1521975,0.7,197940,0.6,178498,0.62,28364,0.91,941513,1
11/02/2022,3795911,0.67,1549724,0.71,198277,0.6,181158,0.63,28493,0.91,918835,0.97
11/01/2022,3714463,0.66,1501329,0.69,196102,0.6,178425,0.62,26993,0.86,911552,0.97
10/31/2022,3417651,0.59,1394453,0.62,177547,0.56,157055,0.54,24178,0.81,862337,0.93
10/30/2022,1875958,0.76,711004,0.71,69358,0.76,80576,0.77,15324,0.83,903170,1.07
10/29/2022,2440643,0.73,912721,0.66,86888,0.77,102975,0.68,15778,0.89,949043,1
10/28/2022,3631395,0.63,1455834,0.65,179633,0.57,159109,0.55,26237,0.88,992291,1.07
10/27/2022,3900833,0.68,1543031,0.68,196789,0.63,179032,0.62,28035,0.94,971657,1.05
10/26/2022,3802512,0.66,1539557,0.68,201843,0.64,181254,0.62,27891,0.94,932571,1
10/25/2022,3720446,0.65,1512725,0.67,200671,0.64,183507,0.63,27080,0.91,903935,0.97
10/24/2022,3364769,0.58,1432728,0.64,182390,0.58,161772,0.56,24643,0.83,887372,0.96
10/23/2022,1740539,0.71,668183,0.67,76024,0.83,83665,0.8,14434,0.79,872119,1.03
10/22/2022,2430496,0.73,916539,0.66,97921,0.86,122863,0.81,15832,0.9,970862,1.03
10/21/2022,3577182,0.62,1452280,0.64,185797,0.59,166539,0.57,26385,0.89,997993,1.08
10/20/2022,3818685,0.66,1532692,0.68,201886,0.64,180234,0.62,27649,0.93,970479,1.05
10/19/2022,3822338,0.66,1545140,0.69,202921,0.65,185202,0.64,28002,0.94,916246,0.99
10/18/2022,3701544,0.64,1510826,0.67,199026,0.63,191540,0.66,26135,0.88,894481,0.96
10/17/2022,3321449,0.58,1430672,0.63,182855,0.58,170716,0.59,24045,0.81,860596,0.93
10/16/2022,1775288,0.72,705073,0.7,80395,0.88,85438,0.81,15338,0.84,898969,1.06
10/15/2022,2365398,0.71,914771,0.66,100804,0.89,108230,0.71,15945,0.9,964859,1.02
10/14/2022,3585649,0.62,1468602,0.65,186594,0.59,170188,0.59,26877,0.9,1000719,1.08
10/13/2022,3690392,0.64,1463795,0.65,195360,0.62,173174,0.6,26422,0.89,935038,1.01
10/12/2022,3783949,0.66,1554226,0.69,203866,0.65,185488,0.64,28193,0.95,945786,1.02
10/11/2022,3657246,0.63,1521587,0.68,203885,0.65,192887,0.66,26435,0.89,899509,0.97
10/10/2022,2560942,0.44,1034288,0.46,163310,0.52,152488,0.52,17806,0.6,845129,0.91
10/09/2022,1919921,0.78,691656,0.69,97984,1.08,88783,0.84,14776,0.8,911141,1.08
10/08/2022,2399224,0.72,888506,0.64,114687,1.01,110122,0.72,15448,0.87,965140,1.02
10/07/2022,3597945,0.62,1480214,0.66,204261,0.65,166955,0.57,26725,0.9,1018633,1.1
10/06/2022,3856816,0.67,1554806,0.69,203783,0.65,182247,0.63,28527,0.96,981805,1.06
10/05/2022,3083358,0.53,1206674,0.54,176091,0.56,158117,0.54,24305,0.82,816200,0.88
10/04/2022,3404514,0.59,1354099,0.6,181887,0.58,166868,0.57,25282,0.85,833631,0.9
10/03/2022,3376872,0.59,1426633,0.63,173268,0.55,153913,0.53,25390,0.85,880633,0.95
10/02/2022,1623153,0.66,591909,0.59,61918,0.68,68450,0.65,13897,0.76,793492,0.94
10/01/2022,2034838,0.61,758826,0.55,72081,0.64,80394,0.53,13718,0.78,820869,0.87
09/30/2022,3509862,0.61,1477082,0.64,181549,0.55,164028,0.57,26614,0.9,997765,1.05
09/29/2022,3715489,0.64,1503472,0.65,194288,0.59,173138,0.6,26857,0.9,960265,1.01
09/28/2022,3720257,0.64,1541900,0.66,201525,0.62,179234,0.62,27423,0.92,930967,0.98
09/27/2022,3210858,0.55,1290217,0.56,192275,0.59,176941,0.61,24344,0.82,886658,0.93
09/26/2022,2818701,0.49,1206954,0.52,177235,0.54,153930,0.53,21532,0.73,868980,0.91
09/25/2022,1761414,0.69,660871,0.6,81212,0.82,87366,0.83,14770,0.86,861534,0.97
09/24/2022,2379066,0.74,860948,0.61,98192,0.83,115822,0.76,15593,0.91,944900,0.99
09/23/2022,3633384,0.63,1413234,0.61,190670,0.58,168866,0.59,25738,0.87,981726,1.03
09/22/2022,3740802,0.65,1433737,0.62,190703,0.58,174952,0.61,26136,0.88,938754,0.99
09/21/2022,3886894,0.67,1543632,0.66,204572,0.62,188361,0.65,27479,0.93,946181,0.99
09/20/2022,3774986,0.65,1554448,0.67,203873,0.62,188771,0.65,26148,0.88,930442,0.98
09/19/2022,3377154,0.58,1490926,0.64,187831,0.57,164392,0.57,24491,0.82,909943,0.96
09/18/2022,1846261,0.72,712161,0.65,86329,0.87,79158,0.75,15588,0.91,935291,1.06
09/17/2022,2353581,0.73,916215,0.65,99403,0.84,101734,0.67,15828,0.92,971118,1.02
09/16/2022,3509155,0.61,1501956,0.65,184424,0.56,155750,0.54,26025,0.88,1015255,1.07
09/15/2022,3755456,0.65,1573907,0.68,197284,0.6,175672,0.61,27391,0.92,981703,1.03
09/14/2022,3749718,0.65,1590666,0.68,202713,0.62,181619,0.63,28124,0.95,954907,1
09/13/2022,3625906,0.63,1557686,0.67,200171,0.61,180183,0.62,26317,0.89,921108,0.97
09/12/2022,3389013,0.59,1519324,0.65,187548,0.57,163430,0.57,24947,0.84,925590,0.97
09/11/2022,1738526,0.68,659929,0.6,82638,0.83,72789,0.69,14467,0.84,862493,0.97
09/10/2022,2358813,0.73,914744,0.65,103789,0.88,98043,0.64,15345,0.9,982329,1.03
09/09/2022,3488188,0.6,1492297,0.64,189930,0.58,161197,0.56,25627,0.86,1009058,1.06
09/08/2022,3651592,0.63,1517502,0.65,199489,0.61,178788,0.62,27121,0.91,966189,1.01
09/07/2022,3451254,0.6,1412342,0.61,203983,0.62,179628,0.62,26773,0.9,939358,0.99
09/06/2022,3069519,0.53,1231759,0.53,190260,0.58,164255,0.57,24963,0.84,892569,0.94
09/05/2022,1693864,0.66,682671,0.62,93198,0.94,74585,0.71,9722,0.33,801463,0.91
09/04/2022,1804243,0.71,701646,0.64,97728,0.98,77386,0.74,15428,0.9,901892,1.02
09/03/2022,2119266,0.66,867750,0.62,116405,0.98,94997,0.62,15863,0.93,924383,0.97
09/02/2022,2930613,0.51,1250956,0.54,185153,0.57,138009,0.48,24696,0.83,1006354,1.06
09/01/2022,3120856,0.54,1338287,0.58,186311,0.57,140082,0.49,25382,0.85,997846,1.05
08/31/2022,3150288,0.61,1342568,0.67,197154,0.63,149499,0.55,25541,0.91,972327,1
08/30/2022,3098101,0.6,1326293,0.66,195986,0.63,152025,0.56,24300,0.87,934163,0.96
08/29/2022,2842079,0.55,1263000,0.63,180588,0.58,140540,0.52,22503,0.81,927114,0.95
08/28/2022,1653505,0.69,681823,0.62,86867,0.83,76296,0.73,14506,0.81,940460,1.02
08/27/2022,2068756,0.7,874084,0.64,103192,0.77,90006,0.59,15575,0.94,977708,1.02
08/26/2022,2868622,0.56,1217448,0.6,171765,0.55,133306,0.49,23417,0.84,967932,1
08/25/2022,3097023,0.6,1310134,0.65,177178,0.57,142659,0.52,24964,0.89,981024,1.01
08/24/2022,3026746,0.59,1288092,0.64,177790,0.57,151169,0.55,25654,0.92,946975,0.97
08/23/2022,2998518,0.58,1261782,0.63,173898,0.56,155953,0.57,24448,0.88,921483,0.95
08/22/2022,2628070,0.51,1144254,0.57,160918,0.51,141482,0.52,21887,0.78,884589,0.91
08/21/2022,1620694,0.68,692309,0.63,84669,0.81,81666,0.79,14617,0.81,918196,1
08/20/2022,2040321,0.69,875371,0.64,96552,0.72,97718,0.64,15903,0.96,952947,0.99
08/19/2022,2923869,0.57,1239929,0.61,164682,0.53,141791,0.52,24141,0.86,995590,1.02
08/18/2022,3083762,0.6,1283965,0.64,181136,0.58,150643,0.55,25701,0.92,982598,1.01
08/17/2022,3080107,0.6,1284966,0.64,172248,0.55,155815,0.57,25904,0.93,935484,0.96
08/16/2022,3052120,0.59,1288800,0.64,173651,0.56,157888,0.58,24994,0.89,919835,0.95
08/15/2022,2773742,0.54,1234308,0.61,161519,0.52,144170,0.53,23199,0.83,921408,0.95
08/14/2022,1679142,0.7,692644,0.63,88242,0.85,72900,0.7,14492,0.81,931953,1.01
08/13/2022,2090849,0.71,878499,0.64,103227,0.77,89569,0.59,15889,0.96,953867,1
08/12/2022,2969335,0.58,1273620,0.63,175220,0.56,137578,0.5,24849,0.89,996504,1.03
08/11/2022,3099390,0.6,1315101,0.65,171390,0.55,146019,0.54,25553,0.91,966856,0.99
08/10/2022,3140551,0.61,1347916,0.67,178656,0.57,147931,0.54,26098,0.93,948711,0.98
08/09/2022,3019719,0.59,1308034,0.65,173284,0.55,151624,0.56,25056,0.9,922400,0.95
08/08/2022,2710924,0.53,1276524,0.63,165363,0.53,137457,0.5,22965,0.82,926426,0.95
08/07/2022,1542464,0.65,670866,0.61,78449,0.75,66242,0.64,14367,0.8,882525,0.96
08/06/2022,1999613,0.68,865676,0.63,95704,0.72,84495,0.56,14893,0.9,944842,0.99
08/05/2022,2826909,0.55,1260961,0.62,161323,0.52,129376,0.47,23824,0.85,976443,1
08/04/2022,3054485,0.59,1323229,0.66,174491,0.56,147770,0.54,25326,0.91,976459,1
08/03/2022,3130208,0.61,1367848,0.68,173751,0.56,158305,0.58,26785,0.96,947338,0.97
08/02/2022,3076553,0.6,1346324,0.67,173023,0.55,158236,0.58,24865,0.89,919127,0.95
08/01/2022,2744935,0.53,1240007,0.61,151752,0.49,138431,0.51,22892,0.82,904119,0.93
07/31/2022,1649100,0.7,693700,0.63,77991,0.74,78953,0.74,14046,0.85,929822,1.05
07/30/2022,2074477,0.73,893846,0.66,89426,0.7,96840,0.63,15068,0.95,954809,1.03
07/29/2022,2938378,0.56,1260714,0.61,166723,0.53,147568,0.52,23697,0.84,979719,1.02
07/28/2022,3158334,0.6,1332113,0.64,173264,0.55,156936,0.55,24413,0.86,974290,1.01
07/27/2022,3239463,0.61,1369023,0.66,185332,0.59,161241,0.57,25759,0.91,957557,1
07/26/2022,3181480,0.6,1360570,0.66,186182,0.59,162994,0.58,24990,0.88,942025,0.98
07/25/2022,2733414,0.52,1220826,0.59,163454,0.52,140432,0.5,22355,0.79,893016,0.93
07/24/2022,1596201,0.68,674189,0.61,82656,0.79,68265,0.64,12751,0.77,908767,1.03
07/23/2022,2028728,0.72,862976,0.64,99341,0.78,86245,0.56,14503,0.91,945847,1.02
07/22/2022,2948074,0.56,1267907,0.61,174861,0.55,138068,0.49,23926,0.84,993037,1.03
07/21/2022,3115263,0.59,1302978,0.63,173070,0.55,150414,0.53,24308,0.86,954280,0.99
07/20/2022,3197109,0.6,1357383,0.66,180707,0.57,156988,0.55,25590,0.9,945289,0.98
07/19/2022,3175609,0.6,1372407,0.66,180693,0.57,160294,0.57,24933,0.88,932398,0.97
07/18/2022,2725555,0.51,1209240,0.58,162178,0.51,132779,0.47,22670,0.8,877737,0.91
07/17/2022,1674929,0.71,701796,0.64,82028,0.78,80166,0.76,13868,0.84,900361,1.02
07/16/2022,2093270,0.74,859537,0.64,101758,0.8,98156,0.64,15226,0.96,939649,1.02
07/15/2022,3027178,0.57,1291217,0.62,171615,0.54,148858,0.53,24177,0.85,994183,1.03
07/14/2022,3209517,0.61,1355975,0.65,174794,0.55,159599,0.56,25312,0.89,977841,1.02
07/13/2022,3235923,0.61,1365172,0.66,178413,0.56,166187,0.59,25800,0.91,944299,0.98
07/12/2022,3155100,0.6,1350346,0.65,180172,0.57,164494,0.58,24697,0.87,913137,0.95
07/11/2022,2882750,0.54,1312895,0.63,167475,0.53,148113,0.52,23255,0.82,913992,0.95
07/10/2022,1683057,0.72,707984,0.65,82276,0.79,71195,0.67,14147,0.86,921110,1.04
07/09/2022,2063982,0.73,885289,0.66,92765,0.73,89757,0.58,14546,0.92,917802,0.99
07/08/2022,2907947,0.55,1249434,0.6,163715,0.52,134620,0.48,24108,0.85,949529,0.99
07/07/2022,3122067,0.59,1333373,0.64,173393,0.55,151105,0.53,25119,0.89,946553,0.98
07/06/2022,3072910,0.58,1330990,0.64,173648,0.55,153543,0.54,25372,0.89,917894,0.95
07/05/2022,2808749,0.53,1246208,0.6,169990,0.54,150170,0.53,22800,0.8,925869,0.96
07/04/2022,1610232,0.69,689986,0.63,85709,0.82,72464,0.68,10976,0.39,772949,0.87
07/03/2022,1656683,0.71,703282,0.64,86602,0.83,73949,0.7,14822,0.9,845877,0.96
07/02/2022,1849135,0.65,827668,0.61,84481,0.66,75179,0.49,12878,0.81,823425,0.89
07/01/2022,2832840,0.54,1221837,0.59,151245,0.48,117791,0.42,23983,0.85,998259,1.04
06/30/2022,3157979,0.56,1300241,0.6,191868,0.58,158265,0.54,24651,0.84,1011864,1.03
06/29/2022,3256053,0.58,1325530,0.62,191855,0.58,169146,0.57,25392,0.87,977984,0.99
06/28/2022,3255241,0.58,1328144,0.62,199956,0.6,174878,0.59,24179,0.83,960666,0.98
06/27/2022,2938858,0.52,1279403,0.6,171627,0.52,149284,0.5,22331,0.76,928436,0.94
06/26/2022,2012595,0.77,696910,0.64,102452,1.04,99103,0.91,14574,0.81,962670,1.04
06/25/2022,2287013,0.71,888953,0.63,106000,0.86,102466,0.65,15274,0.88,994834,1.01
06/24/2022,3302478,0.59,1331442,0.62,187818,0.56,161647,0.55,24414,0.83,1035312,1.05
06/23/2022,3414201,0.61,1382605,0.64,188546,0.57,169144,0.57,25286,0.86,1004103,1.02
06/22/2022,3364023,0.6,1361456,0.63,178850,0.54,164196,0.56,25774,0.88,937068,0.95
06/21/2022,3346976,0.59,1408052,0.66,190339,0.57,172400,0.58,25299,0.86,951906,0.97
06/20/2022,2464668,0.94,1077190,0.99,167670,1.7,138080,1.27,15440,0.53,942148,1.02
06/19/2022,1727665,0.66,693231,0.64,90581,0.92,80654,0.74,15622,0.86,946443,1.02
06/18/2022,2189248,0.68,884050,0.63,106091,0.86,94130,0.59,15136,0.87,987511,1
06/17/2022,3253415,0.58,1397243,0.65,187179,0.56,148590,0.5,24338,0.83,1036376,1.05
06/16/2022,3416344,0.61,1397317,0.65,190212,0.57,162513,0.55,25856,0.88,993952,1.01
06/15/2022,3533955,0.63,1478668,0.69,192593,0.58,169462,0.57,26904,0.92,965644,0.98
06/14/2022,3502098,0.62,1493761,0.69,191198,0.57,174340,0.59,25372,0.87,954427,0.97
06/13/2022,3175289,0.56,1440429,0.67,174264,0.52,150375,0.51,23697,0.81,943626,0.96
06/12/2022,1675816,0.64,626471,0.58,80792,0.82,74580,0.68,13440,0.74,883990,0.96
06/11/2022,2233286,0.69,870550,0.62,117891,0.96,95108,0.6,14776,0.85,961805,0.98
06/10/2022,3382429,0.6,1435660,0.67,187819,0.56,159223,0.54,25437,0.87,1028117,1.05
06/09/2022,3303587,0.59,1333103,0.62,179521,0.54,157460,0.53,25135,0.86,975009,0.99
06/08/2022,3499919,0.62,1496144,0.7,181126,0.54,162417,0.55,26058,0.89,958676,0.97
06/07/2022,3399393,0.6,1440940,0.67,185736,0.56,163756,0.55,25256,0.86,940766,0.96
06/06/2022,3098733,0.55,1411725,0.66,167062,0.5,148152,0.5,22794,0.78,892799,0.91
06/05/2022,1726344,0.66,691644,0.64,75675,0.77,74005,0.68,13955,0.77,865693,0.94
06/04/2022,2179868,0.68,904623,0.65,93431,0.76,92199,0.58,14409,0.83,957009,0.97
06/03/2022,3289449,0.58,1431042,0.67,174500,0.52,153744,0.52,24838,0.85,1002106,1.02
06/02/2022,3358685,0.6,1433303,0.67,170537,0.51,151492,0.51,24764,0.85,959324,0.98
06/01/2022,3388381,0.6,1465383,0.68,178742,0.54,159050,0.54,25586,0.87,943747,0.96
05/31/2022,3182743,0.55,1426470,0.63,184088,0.58,163018,0.57,23778,0.81,968335,1.01
05/30/2022,1697221,0.71,755616,0.78,80533,0.83,68206,0.66,10771,0.37,839398,0.98
05/29/2022,1757512,0.73,701173,0.73,84784,0.87,76982,0.74,14490,0.85,891666,1.05
05/28/2022,1874966,0.58,788135,0.56,91250,0.77,77192,0.51,12805,0.74,833464,0.87
05/27/2022,3036867,0.53,1353398,0.6,167840,0.53,135294,0.47,22894,0.78,975898,1.01
05/26/2022,3347608,0.58,1464696,0.64,176469,0.55,148011,0.52,24866,0.85,1001574,1.04
05/25/2022,3433392,0.6,1493506,0.66,178124,0.56,158814,0.55,25418,0.86,959442,1
05/24/2022,3385529,0.59,1488152,0.65,182570,0.57,163943,0.57,24560,0.84,942307,0.98
05/23/2022,3118111,0.54,1431781,0.63,170546,0.53,151349,0.53,22696,0.77,943933,0.98
05/22/2022,1762501,0.74,683500,0.71,78635,0.81,72063,0.69,13279,0.78,920057,1.08
05/21/2022,2326775,0.72,883795,0.63,94322,0.8,92552,0.61,14985,0.87,983575,1.03
05/20/2022,3277954,0.57,1396732,0.61,175666,0.55,146403,0.51,23767,0.81,1011794,1.05
05/19/2022,3474117,0.61,1426027,0.63,172517,0.54,149985,0.52,24271,0.83,983011,1.02
05/18/2022,3612422,0.63,1511142,0.66,182181,0.57,161135,0.56,25365,0.86,982156,1.02
05/17/2022,3543280,0.62,1519740,0.67,182683,0.57,162082,0.57,24353,0.83,951399,0.99
05/16/2022,3086039,0.54,1396300,0.61,163431,0.51,140702,0.49,22187,0.75,898690,0.93
05/15/2022,1760364,0.74,692876,0.72,76052,0.78,69705,0.67,13379,0.79,908702,1.07
05/14/2022,2149115,0.67,840921,0.6,89636,0.76,86652,0.58,13580,0.78,918398,0.96
05/13/2022,3258052,0.57,1410923,0.62,164843,0.52,140065,0.49,23539,0.8,998394,1.04
05/12/2022,3436970,0.6,1495220,0.66,169543,0.53,149204,0.52,25158,0.86,981139,1.02
05/11/2022,3447537,0.6,1514922,0.67,178061,0.56,156792,0.55,25548,0.87,948266,0.99
05/10/2022,3420078,0.6,1504314,0.66,175823,0.55,158627,0.55,24148,0.82,933451,0.97
05/09/2022,3121070,0.54,1428758,0.63,163741,0.51,140940,0.49,22008,0.75,917036,0.95
05/08/2022,1583582,0.66,630228,0.65,73703,0.76,73027,0.7,15375,0.9,891361,1.05
05/07/2022,1844331,0.57,706551,0.51,72948,0.62,68612,0.46,13033,0.75,841086,0.88
05/06/2022,3196285,0.56,1353750,0.6,154325,0.48,129417,0.45,23411,0.8,953902,0.99
05/05/2022,3509583,0.61,1523580,0.67,174640,0.55,150087,0.52,25903,0.88,982930,1.02
05/04/2022,3371649,0.59,1465639,0.64,168539,0.53,147078,0.51,25462,0.87,921590,0.96
05/03/2022,3410282,0.59,1500109,0.66,177868,0.56,155261,0.54,24680,0.84,929868,0.97
05/02/2022,2738250,0.48,1176867,0.52,146394,0.46,126784,0.44,21695,0.74,883276,0.92
05/01/2022,1686647,0.7,676070,0.7,64630,0.66,62502,0.6,12976,0.76,870826,1.02
04/30/2022,2110869,0.67,884540,0.66,82887,0.73,82838,0.56,14223,0.85,938739,1.03
04/29/2022,3263534,0.58,1429909,0.65,164944,0.53,136881,0.48,23421,0.81,994415,1.06
04/28/2022,3411703,0.61,1468093,0.67,167300,0.54,146321,0.51,24321,0.84,968651,1.03
04/27/2022,3439185,0.61,1500437,0.69,172613,0.56,153109,0.53,25229,0.87,934481,0.99
04/26/2022,3288681,0.59,1453452,0.66,172171,0.55,153893,0.54,23800,0.82,897493,0.95
04/25/2022,3032863,0.54,1415638,0.65,159569,0.51,138979,0.48,22370,0.77,883942,0.94
04/24/2022,1655863,0.68,648591,0.65,64842,0.71,67580,0.66,12927,0.69,875218,1.01
04/23/2022,2109247,0.67,844146,0.63,79436,0.7,89804,0.6,13459,0.81,907580,0.99
04/22/2022,2991024,0.53,1217380,0.56,157943,0.51,145606,0.51,22298,0.77,935779,0.99
04/21/2022,3039160,0.54,1231047,0.56,165823,0.53,147535,0.51,23239,0.8,920202,0.98
04/20/2022,3104143,0.56,1265823,0.58,171730,0.55,155674,0.54,24212,0.84,942383,1
04/19/2022,2967971,0.53,1189960,0.54,168354,0.54,151518,0.53,22359,0.77,895086,0.95
04/18/2022,2681463,0.48,1145261,0.52,154315,0.5,139151,0.49,20245,0.7,901207,0.96
04/17/2022,1514273,0.62,596619,0.6,71258,0.78,71704,0.7,14704,0.79,845418,0.98
04/16/2022,1988439,0.63,830874,0.62,89011,0.78,83725,0.56,13413,0.8,885536,0.97
04/15/2022,2766260,0.49,1137728,0.52,166068,0.53,140217,0.49,20908,0.72,973156,1.03
04/14/2022,3304078,0.59,1438990,0.66,162946,0.52,144335,0.5,25073,0.87,982717,1.04
04/13/2022,3227557,0.58,1495891,0.68,163448,0.53,147043,0.51,25847,0.89,949712,1.01
04/12/2022,3085168,0.55,1496004,0.68,172294,0.56,149369,0.52,25286,0.87,936334,1
04/11/2022,3212082,0.57,1433226,0.66,161131,0.52,140224,0.49,23569,0.81,901316,0.96
04/10/2022,1707761,0.7,667662,0.67,63204,0.69,66112,0.64,13935,0.75,850153,0.98
04/09/2022,2190462,0.69,868945,0.65,81562,0.71,86611,0.58,13969,0.84,897690,0.98
04/08/2022,3354096,0.6,1443367,0.66,160905,0.52,140791,0.49,24488,0.85,998348,1.06
04/07/2022,3313712,0.59,1379678,0.63,161276,0.52,140249,0.49,24107,0.83,901454,0.96
04/06/2022,3318116,0.59,1403198,0.64,163830,0.53,142810,0.5,25103,0.87,890470,0.95
04/05/2022,3363543,0.6,1484961,0.68,170140,0.55,150671,0.53,24873,0.86,904813,0.96
04/04/2022,3134343,0.56,1447820,0.66,159541,0.51,135920,0.47,23746,0.82,899510,0.96
04/03/2022,1465351,0.6,607152,0.61,58819,0.64,53761,0.52,12947,0.69,790600,0.91
04/02/2022,2130919,0.67,879513,0.66,77205,0.68,80471,0.54,14382,0.86,893814,0.98
04/01/2022,3243079,0.58,1411421,0.65,145251,0.47,120557,0.42,24017,0.83,972802,1.03
03/31/2022,3330025,0.6,1450363,0.65,164074,0.52,139602,0.51,24308,0.82,941530,1.02
03/30/2022,3342993,0.6,1465351,0.65,164882,0.53,143216,0.52,24620,0.83,913063,0.99
03/29/2022,3298783,0.59,1430099,0.64,163218,0.52,143870,0.52,23981,0.81,886086,0.96
03/28/2022,2995970,0.54,1336330,0.6,153222,0.49,130886,0.47,22114,0.74,868259,0.94
03/27/2022,1535658,0.67,628313,0.63,64950,0.75,58044,0.62,11809,0.67,830360,1.03
03/26/2022,2026750,0.66,783499,0.59,71809,0.67,73933,0.54,13208,0.78,875353,1.01
03/25/2022,3225045,0.58,1397899,0.62,158528,0.51,133368,0.48,23274,0.78,967743,1.05
03/24/2022,3218694,0.58,1373850,0.61,162392,0.52,134129,0.49,22998,0.77,900384,0.98
03/23/2022,3282248,0.59,1438665,0.64,161202,0.51,138873,0.5,24574,0.83,891509,0.97
03/22/2022,3284022,0.59,1471299,0.66,168328,0.54,144765,0.53,23948,0.81,891089,0.97
03/21/2022,3041126,0.54,1418900,0.63,165487,0.53,134182,0.49,22229,0.75,880846,0.96
03/20/2022,1658395,0.72,628693,0.63,67551,0.78,63818,0.68,12736,0.72,879711,1.09
03/19/2022,2003889,0.65,820933,0.62,74087,0.69,73974,0.54,12877,0.76,872810,1
03/18/2022,3281721,0.59,1402806,0.63,163169,0.52,137528,0.5,24019,0.81,978491,1.06
03/17/2022,3182552,0.57,1350810,0.6,166884,0.53,135727,0.49,22946,0.77,888875,0.96
03/16/2022,3339344,0.6,1476356,0.66,168768,0.54,145085,0.53,25305,0.85,914284,0.99
03/15/2022,3283193,0.59,1454522,0.65,171406,0.55,146786,0.53,24272,0.82,906028,0.98
03/14/2022,3015216,0.54,1406578,0.63,159962,0.51,134093,0.49,22480,0.76,879699,0.95
03/13/2022,1480930,0.65,590753,0.59,59964,0.69,57548,0.61,11491,0.65,792377,0.98
03/12/2022,1665641,0.54,637601,0.48,51679,0.48,59927,0.44,10655,0.63,669502,0.77
03/11/2022,3202106,0.57,1419371,0.63,158985,0.51,135371,0.49,23736,0.8,986555,1.07
03/10/2022,3346277,0.6,1476288,0.66,163931,0.52,140107,0.51,24515,0.82,945191,1.03
03/09/2022,3119759,0.56,1338822,0.6,153393,0.49,129056,0.47,23477,0.79,832720,0.9
03/08/2022,3251396,0.58,1456451,0.65,158652,0.51,138811,0.5,24076,0.81,894132,0.97
03/07/2022,2987081,0.53,1395540,0.62,153907,0.49,129784,0.47,22465,0.76,861409,0.93
03/06/2022,1446051,0.63,600501,0.6,53034,0.61,52874,0.56,12557,0.71,787598,0.98
03/05/2022,1957651,0.64,812774,0.61,69010,0.64,70427,0.52,13269,0.78,865292,0.99
03/04/2022,3083344,0.55,1363159,0.61,145518,0.46,125143,0.45,22821,0.77,957694,1.04
03/03/2022,3214169,0.58,1434851,0.64,152883,0.49,132506,0.48,23800,0.8,923154,1
03/02/2022,3214846,0.58,1463263,0.65,159238,0.51,140945,0.51,24289,0.82,896503,0.97
03/01/2022,3144836,0.56,1435834,0.64,165769,0.53,150787,0.55,22944,0.77,873348,0.95
02/28/2022,2921956,0.54,1362855,0.63,134902,0.45,118572,0.44,21929,0.75,859177,0.97
02/27/2022,1404750,0.64,604646,0.62,62913,0.81,51604,0.57,11337,0.67,802377,1.06
02/26/2022,1826845,0.64,775358,0.61,71783,0.77,61573,0.47,12226,0.75,847294,1.02
02/25/2022,2580174,0.47,1027563,0.48,114658,0.38,90953,0.34,18740,0.64,794852,0.9
02/24/2022,2864025,0.53,1196924,0.56,132496,0.44,110395,0.41,21868,0.74,911720,1.03
02/23/2022,2900361,0.53,1247209,0.58,140229,0.46,119188,0.44,23807,0.81,892767,1.01
02/22/2022,2675275,0.49,1143526,0.53,135406,0.45,112764,0.42,19233,0.65,846877,0.96
02/21/2022,1945048,0.89,873961,0.89,109882,1.41,63892,0.7,12500,0.42,816227,1.08
02/20/2022,1478642,0.67,571789,0.59,55015,0.7,54863,0.6,11017,0.65,768971,1.02
02/19/2022,1794244,0.62,723602,0.57,64696,0.69,66545,0.51,12171,0.75,813140,0.98
02/18/2022,2959462,0.54,1285978,0.6,129403,0.43,112030,0.42,21470,0.73,947650,1.07
02/17/2022,3116483,0.57,1408571,0.65,141226,0.47,115718,0.43,23713,0.81,911310,1.03
02/16/2022,3106976,0.57,1406714,0.65,140431,0.46,115325,0.43,23513,0.8,875377,0.99
02/15/2022,3037189,0.56,1340123,0.62,146607,0.48,119034,0.44,21922,0.74,873240,0.99
02/14/2022,2913628,0.54,1272100,0.59,142507,0.47,113260,0.42,20812,0.71,862473,0.98
02/13/2022,1351186,0.62,510307,0.52,50534,0.65,46395,0.51,10013,0.59,655107,0.87
02/12/2022,2028603,0.71,820629,0.65,71709,0.77,71813,0.55,13376,0.82,867255,1.04
02/11/2022,3021042,0.56,1348189,0.63,131038,0.43,110674,0.41,22608,0.77,939270,1.06
02/10/2022,3118851,0.57,1423775,0.66,143062,0.47,115707,0.43,23341,0.79,905812,1.03
02/09/2022,3095072,0.57,1421706,0.66,143673,0.47,115341,0.43,23863,0.81,868057,0.98
02/08/2022,3022902,0.56,1387432,0.64,141653,0.47,119190,0.44,22667,0.77,851665,0.96
02/07/2022,2789941,0.51,1297024,0.6,136455,0.45,111297,0.41,21120,0.72,809094,0.92
02/06/2022,1325280,0.6,558211,0.57,51472,0.66,48395,0.53,10621,0.63,744779,0.99
02/05/2022,1794615,0.62,726750,0.57,61201,0.65,61496,0.47,11377,0.7,775134,0.93
02/04/2022,2730797,0.5,1176367,0.55,117899,0.39,94290,0.35,18557,0.63,781068,0.88
02/03/2022,2919948,0.54,1304726,0.61,126901,0.42,104093,0.39,22325,0.76,853193,0.97
02/02/2022,2945982,0.54,1314898,0.61,140059,0.46,110996,0.41,22427,0.76,846701,0.96
02/01/2022,2640076,0.49,1127084,0.52,135255,0.45,111424,0.41,20357,0.69,804390,0.91
01/31/2022,2580730,0.5,1139164,0.56,132248,0.44,109718,0.41,18400,0.65,777628,0.89
01/30/2022,1263710,0.6,460299,0.5,47852,0.58,45002,0.5,5974,0.44,506466,0.74
01/29/2022,1000199,0.37,271959,0.23,8142,0.08,22016,0.17,5353,0.37,174348,0.23
01/28/2022,2708397,0.52,1208092,0.59,120912,0.4,96409,0.36,20115,0.71,866261,1
01/27/2022,2730250,0.53,1275573,0.62,119039,0.39,95748,0.36,20934,0.74,869615,1
01/26/2022,2717000,0.53,1266798,0.62,118625,0.39,96253,0.36,21033,0.74,833936,0.96
01/25/2022,2706871,0.52,1308979,0.64,124499,0.41,98859,0.37,21233,0.75,817021,0.94
01/24/2022,2542015,0.49,1244112,0.61,127750,0.42,100520,0.37,19472,0.69,791390,0.91
01/23/2022,1246961,0.6,529115,0.58,48672,0.59,43647,0.48,9446,0.7,685007,1
01/22/2022,1585292,0.58,655490,0.55,59412,0.61,53737,0.41,10455,0.72,735629,0.96
01/21/2022,2570529,0.5,1151816,0.56,113474,0.38,91079,0.34,19079,0.67,864079,0.99
01/20/2022,2550517,0.49,1181953,0.58,112595,0.37,88196,0.33,18616,0.66,766608,0.88
01/19/2022,2647727,0.51,1286788,0.63,121249,0.4,96281,0.36,21111,0.75,829778,0.95
01/18/2022,2546425,0.49,1222195,0.6,125615,0.42,100364,0.37,19389,0.69,815605,0.94
01/17/2022,1602238,0.77,694066,0.76,98738,1.19,44075,0.49,8760,0.31,649397,0.95
01/16/2022,1166766,0.56,456257,0.5,43578,0.53,38025,0.42,8545,0.63,621361,0.91
01/15/2022,1436125,0.53,573037,0.48,53410,0.55,45309,0.35,9510,0.66,703293,0.92
01/14/2022,2527746,0.49,1186647,0.58,109199,0.36,88634,0.33,18878,0.67,866901,1
01/13/2022,2529329,0.49,1218552,0.6,112519,0.37,87672,0.33,19918,0.7,821641,0.95
01/12/2022,2464248,0.48,1179931,0.58,111022,0.37,86050,0.32,19679,0.7,784901,0.9
01/11/2022,2271033,0.44,1040581,0.51,104378,0.35,81438,0.3,17388,0.61,753381,0.87
01/10/2022,2352277,0.46,1147341,0.56,116463,0.39,90220,0.34,18268,0.65,762712,0.88
01/09/2022,1103682,0.53,475438,0.52,43383,0.52,35309,0.39,7916,0.59,567494,0.83
01/08/2022,1487737,0.55,631341,0.53,51707,0.53,46428,0.36,9126,0.63,641533,0.84
01/07/2022,2125569,0.41,880997,0.43,90207,0.3,73067,0.27,14203,0.5,559774,0.64
01/06/2022,2396085,0.46,1146904,0.56,103562,0.34,82567,0.31,18672,0.66,780026,0.9
01/05/2022,2272601,0.44,1078511,0.53,98251,0.33,77579,0.29,18861,0.67,709060,0.82
01/04/2022,2294147,0.44,1082360,0.53,104247,0.34,81978,0.3,17909,0.63,733369,0.84
01/03/2022,2172744,0.42,1000002,0.49,102961,0.34,83990,0.31,16437,0.58,692740,0.8
01/02/2022,1221306,0.58,475096,0.52,49155,0.59,42587,0.47,8383,0.62,624655,0.92
01/01/2022,1029180,0.38,350845,0.29,33980,0.35,30341,0.23,4904,0.34,498515,0.65
12/31/2021,1629859,0.64,699749,0.71,96699,0.91,85232,0.79,11498,0.39,628305,0.79
12/30/2021,2202359,0.41,928012,0.46,110101,0.35,90827,0.33,16177,0.55,804654,0.91
12/29/2021,2171073,0.41,921562,0.46,105898,0.34,92606,0.33,16859,0.58,768653,0.87
12/28/2021,2172791,0.41,953933,0.48,109904,0.35,89719,0.32,16736,0.57,764364,0.86
12/27/2021,2011675,0.38,890096,0.44,108463,0.34,89427,0.32,14952,0.51,744547,0.84
12/26/2021,1286484,0.51,518897,0.53,56467,0.53,51478,0.48,8744,0.49,673477,0.85
12/25/2021,811945,0.24,329549,0.26,39466,0.31,31575,0.2,9021,0.52,582582,0.66
12/24/2021,1577738,0.62,746809,0.76,97408,0.91,81055,0.75,12009,0.41,738612,0.93
12/23/2021,2491489,0.47,1166953,0.58,118388,0.37,97238,0.35,19335,0.66,899513,1.02
12/22/2021,2640159,0.49,1252621,0.63,117678,0.37,92941,0.33,21673,0.74,878197,0.99
12/21/2021,2703097,0.5,1299476,0.65,124376,0.39,97141,0.35,21656,0.74,866595,0.98
12/20/2021,2722430,0.51,1277654,0.64,132078,0.42,102696,0.37,20318,0.7,856849,0.97
12/19/2021,1581503,0.62,636393,0.65,65698,0.62,56292,0.52,12238,0.69,784051,0.98
12/18/2021,1882956,0.57,786073,0.62,74306,0.58,66097,0.42,12312,0.71,832994,0.94
12/17/2021,3118492,0.58,1375383,0.69,146111,0.46,121037,0.43,22539,0.77,968689,1.09
12/16/2021,3226842,0.6,1438193,0.72,152710,0.48,126131,0.45,23623,0.81,948535,1.07
12/15/2021,3249076,0.61,1436154,0.72,153128,0.48,129762,0.47,23732,0.81,921048,1.04
12/14/2021,3281294,0.61,1378221,0.69,154939,0.49,131812,0.47,23042,0.79,894669,1.01
12/13/2021,3127619,0.58,1333718,0.67,153387,0.49,129699,0.46,21617,0.74,874293,0.99
12/12/2021,1831705,0.72,627007,0.64,80874,0.76,66472,0.62,12189,0.68,828121,1.04
12/11/2021,2268556,0.68,786137,0.62,91894,0.72,81068,0.52,13396,0.78,863814,0.98
12/10/2021,3423782,0.64,1404176,0.7,152524,0.48,127712,0.46,22237,0.76,962125,1.09
12/09/2021,3440822,0.64,1436883,0.72,154367,0.49,126159,0.45,22743,0.78,927903,1.05
12/08/2021,3385675,0.63,1430106,0.71,156218,0.49,130223,0.47,22691,0.78,889409,1
12/07/2021,3375157,0.63,1453136,0.73,153749,0.49,131034,0.47,23262,0.8,883027,1
12/06/2021,3142556,0.59,1394230,0.7,154970,0.49,127261,0.46,21761,0.75,865595,0.98
12/05/2021,1737545,0.68,665129,0.68,72716,0.68,60526,0.56,12541,0.7,818544,1.03
12/04/2021,2318203,0.7,864764,0.68,91477,0.71,81392,0.52,13317,0.77,864918,0.98
12/03/2021,3380539,0.63,1419078,0.71,144500,0.46,119425,0.43,22518,0.77,940827,1.06
12/02/2021,3366133,0.63,1449142,0.72,154723,0.49,127509,0.46,22540,0.77,923179,1.04
12/01/2021,3333735,0.62,1463384,0.73,163163,0.52,136126,0.49,23347,0.8,899319,1.02
11/30/2021,3214333,0.57,1432539,0.65,166738,0.51,136630,0.48,22469,0.72,897216,0.95
11/29/2021,3002707,0.53,1381661,0.63,166154,0.51,132499,0.46,21124,0.68,900399,0.95
11/28/2021,1467414,0.58,592081,0.59,75197,0.8,65128,0.63,10481,0.56,825585,1
11/27/2021,1882638,0.6,750986,0.57,83676,0.73,76112,0.5,10620,0.63,850980,0.94
11/26/2021,2092977,0.83,843588,0.85,128452,1.36,108747,1.04,11077,0.35,789915,0.96
11/25/2021,1359188,0.54,509782,0.51,125417,1.33,69945,0.67,15459,0.5,861084,1.05
11/24/2021,3091878,0.55,1343391,0.61,165349,0.5,139391,0.49,21002,0.67,992568,1.05
11/23/2021,3293785,0.58,1424890,0.65,162241,0.49,136563,0.48,22574,0.72,989345,1.05
11/22/2021,3137259,0.55,1418226,0.65,156874,0.48,127777,0.45,21441,0.69,901942,0.96
11/21/2021,1676033,0.66,674551,0.68,80467,0.85,66860,0.64,12774,0.68,841901,1.02
11/20/2021,2138098,0.68,861772,0.65,94412,0.82,82895,0.55,13195,0.78,915131,1.01
11/19/2021,3323841,0.59,1429787,0.65,151795,0.46,127093,0.44,22662,0.73,987149,1.05
11/18/2021,3419760,0.6,1505488,0.69,157433,0.48,132632,0.46,24071,0.77,959226,1.02
11/17/2021,3376522,0.6,1501740,0.69,158372,0.48,131113,0.46,24396,0.78,915266,0.97
11/16/2021,3348316,0.59,1492110,0.68,161362,0.49,137235,0.48,23694,0.76,902386,0.96
11/15/2021,3117761,0.55,1437414,0.66,160952,0.49,132234,0.46,22208,0.71,890524,0.94
11/14/2021,1704908,0.68,657129,0.66,72488,0.77,62856,0.6,12460,0.66,858311,1.04
11/13/2021,2172149,0.69,815114,0.62,80829,0.7,74296,0.49,13124,0.77,869112,0.96
11/12/2021,3164764,0.56,1350608,0.62,141671,0.43,117650,0.41,21598,0.69,919941,0.98
11/11/2021,2927728,1.16,1198235,1.2,143386,1.52,122940,1.18,19846,0.64,895643,1.09
11/10/2021,3359437,0.59,1514453,0.69,159254,0.48,134401,0.47,24608,0.79,926005,0.98
11/09/2021,3287134,0.58,1518264,0.69,157181,0.48,134070,0.47,24504,0.78,898518,0.95
11/08/2021,3072454,0.54,1461178,0.67,159723,0.49,131127,0.46,22136,0.71,889544,0.94
11/07/2021,1891963,0.75,614513,0.62,81181,0.86,72175,0.69,10647,0.57,780686,0.95
11/06/2021,2198274,0.69,864499,0.66,84943,0.74,80784,0.53,13672,0.81,910587,1
11/05/2021,3300207,0.58,1457014,0.67,150227,0.46,121824,0.43,23009,0.74,966007,1.02
11/04/2021,3291525,0.58,1486942,0.68,151353,0.46,126533,0.44,24009,0.77,931012,0.99
11/03/2021,3301103,0.58,1507287,0.69,154203,0.47,130955,0.46,23349,0.75,901230,0.96
11/02/2021,2853901,0.5,1258180,0.57,147832,0.45,129297,0.45,22016,0.71,853432,0.9
11/01/2021,3041089,0.54,1448304,0.66,158356,0.48,131251,0.46,21387,0.69,898451,0.95
10/31/2021,1748679,0.71,656203,0.66,68674,0.75,66301,0.63,12233,0.67,824978,0.98
10/30/2021,2046487,0.61,819620,0.59,76471,0.67,69281,0.45,12642,0.72,854656,0.9
10/29/2021,3258376,0.57,1426938,0.63,153317,0.49,122632,0.42,22477,0.75,963442,1.04
10/28/2021,3373576,0.59,1515489,0.67,159574,0.51,132171,0.45,24814,0.83,959835,1.03
10/27/2021,3307634,0.57,1503535,0.67,155865,0.5,129881,0.45,24144,0.81,914494,0.99
10/26/2021,2707913,0.47,1233660,0.55,130109,0.41,104517,0.36,21220,0.71,738636,0.8
10/25/2021,3001962,0.52,1461023,0.65,158330,0.5,125755,0.43,21724,0.73,883887,0.95
10/24/2021,1601835,0.65,659283,0.66,69611,0.76,68154,0.65,12314,0.67,883371,1.05
10/23/2021,2079731,0.62,847596,0.61,74720,0.66,82865,0.54,13556,0.77,914737,0.97
10/22/2021,3232113,0.56,1471199,0.65,145810,0.46,126555,0.44,22843,0.77,986548,1.06
10/21/2021,3275195,0.57,1476434,0.65,149850,0.48,127259,0.44,24007,0.81,948652,1.02
10/20/2021,3241475,0.56,1525608,0.68,155242,0.49,131127,0.45,24474,0.82,916246,0.99
10/19/2021,3185458,0.55,1510722,0.67,153382,0.49,129994,0.45,23403,0.79,899389,0.97
10/18/2021,2989693,0.52,1461843,0.65,153681,0.49,127382,0.44,21454,0.72,889996,0.96
10/17/2021,1631844,0.66,663944,0.66,74826,0.82,69730,0.66,12564,0.68,891527,1.06
10/16/2021,2044396,0.61,856990,0.62,83415,0.74,74914,0.49,13307,0.75,896392,0.95
10/15/2021,3233854,0.56,1491099,0.66,150932,0.48,124655,0.43,23251,0.78,990940,1.07
10/14/2021,3248072,0.56,1527543,0.68,154572,0.49,126816,0.44,24144,0.81,952876,1.03
10/13/2021,3164655,0.55,1511356,0.67,151319,0.48,124791,0.43,24396,0.82,907632,0.98
10/12/2021,3110171,0.54,1514608,0.67,154602,0.49,128195,0.44,23848,0.8,910639,0.98
10/11/2021,2267498,0.39,1045865,0.46,131714,0.42,114458,0.39,16917,0.57,878443,0.95
10/10/2021,1499551,0.61,601821,0.6,65636,0.72,59050,0.56,11794,0.64,806025,0.95
10/09/2021,2052746,0.62,856308,0.62,84631,0.75,81970,0.54,13634,0.77,919384,0.97
10/08/2021,3175133,0.55,1473912,0.65,153755,0.49,123609,0.43,23356,0.78,1001210,1.08
10/07/2021,3198045,0.55,1523168,0.68,150072,0.48,121407,0.42,24571,0.83,951212,1.02
10/06/2021,3147958,0.55,1532668,0.68,149640,0.48,123098,0.42,24677,0.83,913993,0.98
10/05/2021,3098187,0.54,1499767,0.67,150226,0.48,124670,0.43,23644,0.79,887129,0.96
10/04/2021,2870940,0.5,1419155,0.63,152598,0.49,121256,0.42,21794,0.73,871945,0.94
10/03/2021,1577642,0.64,673253,0.67,74851,0.82,66759,0.63,12936,0.7,887540,1.05
10/02/2021,2066222,0.62,883902,0.63,86563,0.76,80946,0.53,14145,0.8,923455,0.98
10/01/2021,3169206,0.55,1492942,0.66,140003,0.45,116182,0.4,23098,0.78,985786,1.06
09/30/2021,3153965,0.54,1516081,0.65,144838,0.44,121842,0.42,23555,0.79,953501,1
09/29/2021,3070509,0.53,1513184,0.65,137483,0.42,120032,0.42,23323,0.79,886785,0.93
09/28/2021,2934542,0.51,1457421,0.63,141188,0.43,118253,0.41,21727,0.73,831192,0.87
09/27/2021,2880083,0.5,1489441,0.64,146154,0.45,121534,0.42,21209,0.71,881116,0.93
09/26/2021,1616915,0.63,657257,0.6,80069,0.81,64937,0.62,12034,0.7,895286,1.01
09/25/2021,2132211,0.66,872490,0.62,88460,0.75,81282,0.53,13909,0.81,953628,1
09/24/2021,3128041,0.54,1469705,0.63,142827,0.44,116730,0.4,21941,0.74,986694,1.04
09/23/2021,3022830,0.52,1483075,0.64,140127,0.43,115473,0.4,23031,0.78,915198,0.96
09/22/2021,3027925,0.52,1506211,0.65,139853,0.43,120056,0.42,23157,0.78,872883,0.92
09/21/2021,3025310,0.52,1505803,0.65,142672,0.44,123923,0.43,22399,0.75,860050,0.9
09/20/2021,2889759,0.5,1481676,0.64,148068,0.45,122101,0.42,21889,0.74,895109,0.94
09/19/2021,1598720,0.63,674024,0.61,69397,0.7,64139,0.61,12612,0.73,914623,1.03
09/18/2021,2017430,0.63,871175,0.62,77267,0.65,76288,0.5,14054,0.82,949178,0.99
09/17/2021,3034676,0.52,1456201,0.63,142120,0.43,119349,0.41,23282,0.78,982085,1.03
09/16/2021,2539853,0.44,1210069,0.52,127995,0.39,107680,0.37,20826,0.7,864413,0.91
09/15/2021,2993744,0.52,1503627,0.65,139927,0.43,116413,0.4,23966,0.81,904733,0.95
09/14/2021,3017947,0.52,1511145,0.65,144904,0.44,120532,0.42,23132,0.78,908024,0.95
09/13/2021,2858929,0.49,1441516,0.62,147829,0.45,122504,0.42,21898,0.74,914827,0.96
09/12/2021,1591655,0.62,694561,0.63,77028,0.78,58979,0.56,12239,0.71,899864,1.02
09/11/2021,1985273,0.62,870791,0.62,82235,0.69,65329,0.43,13070,0.76,917704,0.96
09/10/2021,2845820,0.49,1322430,0.57,150895,0.46,113495,0.39,23037,0.78,995486,1.05
09/09/2021,2708091,0.47,1249341,0.54,139547,0.43,111708,0.39,23653,0.8,911040,0.96
09/08/2021,2534847,0.44,1192895,0.51,135722,0.41,110925,0.38,22354,0.75,896020,0.94
09/07/2021,2238469,0.39,1102372,0.47,137623,0.42,113742,0.39,21143,0.71,902400,0.95
09/06/2021,1523354,0.6,733947,0.67,77906,0.79,51338,0.49,10077,0.34,812884,0.92
09/05/2021,1416893,0.56,618622,0.56,71004,0.72,45169,0.43,11931,0.69,832200,0.94
09/04/2021,1779743,0.55,834456,0.59,84764,0.72,57137,0.37,13382,0.78,927358,0.97
09/03/2021,2394842,0.41,1221668,0.53,139807,0.43,97937,0.34,22585,0.76,1014806,1.07
09/02/2021,1664178,0.29,1188941,0.51,105647,0.32,0,0,21179,0.71,851145,0.89
09/01/2021,2298999,0.4,1086148,0.47,118437,0.36,90598,0.31,20878,0.7,811053,0.85
08/31/2021,2537974,0.49,1246463,0.62,133641,0.43,99949,0.37,22724,0.81,936181,0.96
08/30/2021,2325695,0.45,1182908,0.59,131574,0.42,97093,0.36,19224,0.69,911105,0.94
08/29/2021,1400642,0.59,630281,0.57,68832,0.66,54068,0.52,11558,0.64,890505,0.97
08/28/2021,1661095,0.56,776489,0.56,68988,0.52,56208,0.37,12760,0.77,890293,0.93
08/27/2021,2392602,0.46,1147249,0.57,119665,0.38,90532,0.33,21211,0.76,973335,1
08/26/2021,2485132,0.48,1222996,0.61,122067,0.39,91039,0.33,22068,0.79,950534,0.98
08/25/2021,2503420,0.49,1236342,0.61,127392,0.41,93307,0.34,23351,0.84,957036,0.98
08/24/2021,2467406,0.48,1234884,0.61,130591,0.42,98325,0.36,22679,0.81,942935,0.97
08/23/2021,2056731,0.4,1032792,0.51,110003,0.35,84223,0.31,18809,0.67,821654,0.85
08/22/2021,745800,0.31,369246,0.33,27528,0.26,16121,0.16,7979,0.44,489334,0.53
08/21/2021,1716439,0.58,822340,0.6,72843,0.55,61997,0.41,13046,0.78,941331,0.98
08/20/2021,2460924,0.48,1183308,0.59,124627,0.4,99533,0.36,21451,0.77,969814,1
08/19/2021,2444495,0.47,1194375,0.59,117409,0.38,93036,0.34,21838,0.78,939085,0.97
08/18/2021,2450516,0.48,1210760,0.6,117216,0.37,97853,0.36,22715,0.81,917872,0.94
08/17/2021,2432692,0.47,1209633,0.6,120737,0.39,103616,0.38,22245,0.8,909180,0.94
08/16/2021,2292396,0.45,1170216,0.58,123942,0.4,100258,0.37,20087,0.72,910779,0.94
08/15/2021,1430620,0.6,661705,0.6,72983,0.7,54362,0.52,12395,0.69,918288,1
08/14/2021,1718222,0.58,811826,0.59,75664,0.57,57650,0.38,13157,0.79,904780,0.94
08/13/2021,2434624,0.47,1189426,0.59,123849,0.4,91861,0.34,21336,0.76,973883,1
08/12/2021,2453353,0.48,1223666,0.61,119717,0.38,90818,0.33,22427,0.8,965578,0.99
08/11/2021,2480877,0.48,1246306,0.62,119708,0.38,94737,0.35,23338,0.84,931264,0.96
08/10/2021,2447231,0.48,1245670,0.62,122544,0.39,95330,0.35,23079,0.83,905508,0.93
08/09/2021,2294279,0.45,1183050,0.59,109865,0.35,95599,0.35,20540,0.74,891525,0.92
08/08/2021,1333885,0.56,598574,0.54,61066,0.59,54265,0.52,11934,0.66,843489,0.92
08/07/2021,1780458,0.6,836715,0.61,76835,0.58,67268,0.44,14108,0.85,923751,0.96
08/06/2021,2523944,0.49,1222343,0.61,123238,0.39,101218,0.37,22179,0.79,979833,1.01
08/05/2021,2534287,0.49,1259332,0.62,119999,0.38,98290,0.36,22610,0.81,956306,0.98
08/04/2021,2534018,0.49,1257876,0.62,123700,0.4,99332,0.36,23611,0.85,921068,0.95
08/03/2021,2489064,0.48,1262043,0.63,123949,0.4,103250,0.38,22828,0.82,904753,0.93
08/02/2021,2338722,0.45,1208484,0.6,126151,0.4,102349,0.38,19824,0.71,903514,0.93
08/01/2021,1351294,0.57,629963,0.57,66030,0.63,51978,0.5,11627,0.65,869092,0.94
07/31/2021,1841007,0.65,857333,0.64,85371,0.67,67122,0.43,13932,0.88,953445,1.03
07/30/2021,2562489,0.48,1235623,0.6,131905,0.42,103531,0.37,22127,0.78,988596,1.03
07/29/2021,2433507,0.46,1186642,0.57,120318,0.38,94716,0.33,22164,0.78,918380,0.96
07/28/2021,2539760,0.48,1276296,0.62,126767,0.4,99976,0.35,23145,0.82,932094,0.97
07/27/2021,2493079,0.47,1267804,0.61,128262,0.41,102950,0.36,22609,0.8,918908,0.96
07/26/2021,2323169,0.44,1219135,0.59,129875,0.41,101260,0.36,19910,0.7,907205,0.94
07/25/2021,1364830,0.58,625645,0.57,66417,0.63,53090,0.5,11419,0.69,864361,0.98
07/24/2021,1852402,0.65,856250,0.63,84852,0.66,68579,0.44,14042,0.88,950568,1.03
07/23/2021,2557043,0.48,1219255,0.59,130474,0.41,101070,0.36,22314,0.79,985198,1.02
07/22/2021,2587338,0.49,1279778,0.62,127275,0.4,102275,0.36,23122,0.82,963493,1
07/21/2021,2509502,0.47,1225595,0.59,121530,0.38,104862,0.37,22865,0.81,914902,0.95
07/20/2021,2467017,0.47,1217802,0.59,125809,0.4,107009,0.38,22213,0.78,924495,0.96
07/19/2021,2332473,0.44,1208792,0.58,126653,0.4,103403,0.37,20276,0.72,897298,0.93
07/18/2021,1405344,0.6,640618,0.58,67362,0.64,56174,0.53,11313,0.68,838604,0.95
07/17/2021,1717480,0.61,795347,0.59,73001,0.57,64513,0.42,13228,0.83,897001,0.97
07/16/2021,2541195,0.48,1219118,0.59,123465,0.39,104331,0.37,21730,0.77,983846,1.02
07/15/2021,2586791,0.49,1275846,0.62,125587,0.4,105171,0.37,23772,0.84,971048,1.01
07/14/2021,2522633,0.48,1260044,0.61,120455,0.38,101843,0.36,23662,0.83,919213,0.96
07/13/2021,2462643,0.47,1239045,0.6,123373,0.39,105314,0.37,22286,0.79,895705,0.93
07/12/2021,2249975,0.43,1171521,0.57,120503,0.38,99023,0.35,20623,0.73,866231,0.9
07/11/2021,1367403,0.58,635511,0.58,62559,0.6,53178,0.5,11725,0.71,830775,0.94
07/10/2021,1783921,0.63,855908,0.63,72964,0.57,64429,0.42,14518,0.91,925950,1
07/09/2021,2322712,0.44,1115969,0.54,109420,0.35,88347,0.31,20632,0.73,888932,0.92
07/08/2021,2369035,0.45,1164513,0.56,116274,0.37,93197,0.33,22941,0.81,897858,0.93
07/07/2021,2442092,0.46,1234617,0.6,122603,0.39,99137,0.35,23637,0.83,926634,0.96
07/06/2021,2306692,0.44,1181416,0.57,127893,0.4,100494,0.35,22648,0.8,903777,0.94
07/05/2021,1497714,0.64,770321,0.7,78370,0.75,59711,0.56,10303,0.36,838087,0.95
07/04/2021,1470325,0.63,615001,0.56,70165,0.67,63948,0.6,12816,0.78,773629,0.87
07/03/2021,1543756,0.54,738089,0.55,63827,0.5,57381,0.37,12676,0.8,777262,0.84
07/02/2021,2300302,0.43,1121116,0.54,116542,0.37,94252,0.33,21489,0.76,920188,0.96
07/01/2021,2297059,0.43,1104516,0.53,114363,0.36,90018,0.32,22011,0.78,933638,0.97
06/30/2021,2350864,0.42,1139886,0.53,119358,0.36,99455,0.34,23001,0.79,945822,0.96
06/29/2021,2348456,0.42,1169268,0.54,119355,0.36,97829,0.33,21612,0.74,930011,0.95
06/28/2021,2256926,0.4,1152019,0.54,122263,0.37,101482,0.34,20503,0.7,924740,0.94
06/27/2021,1561403,0.6,656004,0.6,75058,0.76,62411,0.57,11883,0.66,900039,0.97
06/26/2021,1855861,0.58,841585,0.6,76560,0.62,66739,0.42,13520,0.78,950086,0.97
06/25/2021,2587425,0.46,1214123,0.56,126722,0.38,100537,0.34,22400,0.76,988675,1.01
06/24/2021,2557684,0.45,1248843,0.58,121542,0.37,100509,0.34,22842,0.78,978351,0.99
06/23/2021,2552443,0.45,1264095,0.59,121867,0.37,101864,0.34,24223,0.83,946870,0.96
06/22/2021,2359521,0.42,1172110,0.55,116165,0.35,97637,0.33,22293,0.76,896868,0.91
06/21/2021,2268969,0.4,1191844,0.55,123918,0.37,95740,0.32,20512,0.7,926300,0.94
06/20/2021,1389352,0.53,652557,0.6,76969,0.78,60876,0.56,13189,0.73,951631,1.03
06/19/2021,1784312,0.55,841519,0.6,76508,0.62,66134,0.42,13949,0.8,952944,0.97
06/18/2021,2576562,0.98,1235675,1.14,122848,1.25,104304,0.96,22491,0.77,989296,1.07
06/17/2021,2557486,0.45,1281552,0.6,121580,0.37,98435,0.33,23292,0.8,973485,0.99
06/16/2021,2524189,0.45,1288040,0.6,119205,0.36,94690,0.32,24788,0.85,945955,0.96
06/15/2021,2474710,0.44,1277203,0.59,117580,0.35,96688,0.33,23460,0.8,917933,0.93
06/14/2021,2227391,0.4,1176722,0.55,115254,0.35,91064,0.31,21568,0.74,869235,0.88
06/13/2021,1379959,0.53,647385,0.59,59186,0.6,51712,0.47,12047,0.67,887098,0.96
06/12/2021,1775538,0.55,849178,0.61,68188,0.55,61468,0.39,14450,0.83,919318,0.93
06/11/2021,2472629,0.44,1221484,0.57,118259,0.36,94566,0.32,23324,0.8,968763,0.99
06/10/2021,2478619,0.44,1276901,0.59,113236,0.34,91323,0.31,23498,0.8,951274,0.97
06/09/2021,2390612,0.42,1259005,0.59,107918,0.32,90641,0.31,23868,0.81,908563,0.92
06/08/2021,2270152,0.4,1175335,0.55,108346,0.33,87986,0.3,22948,0.78,878376,0.89
06/07/2021,2227613,0.4,1200737,0.56,112097,0.34,89412,0.3,21511,0.73,897208,0.91
06/06/2021,1363344,0.52,654780,0.6,61866,0.63,51469,0.47,12514,0.69,921829,1
06/05/2021,1792204,0.56,874545,0.62,72827,0.59,62687,0.4,14636,0.84,946758,0.96
06/04/2021,2314340,0.41,1160335,0.54,104564,0.31,88908,0.3,22743,0.78,930743,0.95
06/03/2021,2238336,0.4,1143159,0.53,102751,0.31,84815,0.29,23026,0.79,895524,0.91
06/02/2021,2348517,0.42,1249102,0.58,112503,0.34,90821,0.31,24325,0.83,910385,0.93
06/01/2021,2263536,0.4,1230127,0.57,114759,0.34,94923,0.32,22308,0.76,907698,0.92
05/31/2021,1391302,0.58,702801,0.73,70203,0.72,43039,0.41,10380,0.35,756187,0.89
05/30/2021,1066132,0.45,484864,0.5,35474,0.36,30072,0.29,10028,0.59,664029,0.78
05/29/2021,1371467,0.43,648192,0.46,45975,0.39,38894,0.26,11734,0.68,744860,0.78
05/28/2021,2236646,0.39,1135369,0.5,83109,0.26,66048,0.23,21520,0.73,931760,0.97
05/27/2021,2356638,0.41,1246269,0.55,81485,0.26,62852,0.22,23450,0.8,970920,1.01
05/26/2021,2280311,0.4,1241052,0.55,78483,0.25,59613,0.21,23594,0.8,921084,0.96
05/25/2021,2275628,0.4,1253998,0.55,75832,0.24,58737,0.21,22854,0.78,902577,0.94
05/24/2021,2123129,0.37,1192453,0.52,72424,0.23,55179,0.19,21563,0.73,869940,0.9
05/23/2021,1270286,0.53,645466,0.67,47392,0.49,40613,0.39,11765,0.69,885740,1.04
05/22/2021,1647055,0.51,839877,0.6,55644,0.47,51249,0.34,13397,0.77,911148,0.95
05/21/2021,2336140,0.41,1221591,0.54,81117,0.25,67283,0.24,22520,0.77,965528,1
05/20/2021,2273912,0.4,1243965,0.55,74059,0.23,57425,0.2,23659,0.8,931659,0.97
05/19/2021,2261916,0.39,1253578,0.55,71778,0.22,56851,0.2,23784,0.81,915644,0.95
05/18/2021,2154370,0.38,1215676,0.53,68691,0.22,54920,0.19,22367,0.76,838307,0.87
05/17/2021,2026574,0.35,1157960,0.51,67572,0.21,52803,0.18,20779,0.71,810018,0.84
05/16/2021,1201918,0.5,621750,0.65,40170,0.41,36227,0.35,11062,0.65,814177,0.96
05/15/2021,1637242,0.51,844096,0.6,52946,0.45,49401,0.33,13516,0.78,891574,0.93
05/14/2021,2270937,0.4,1220112,0.54,77291,0.24,63394,0.22,22437,0.76,947064,0.98
05/13/2021,2167164,0.38,1182347,0.52,71588,0.22,55558,0.19,23439,0.8,918259,0.95
05/12/2021,2186470,0.38,1238990,0.54,67782,0.21,53548,0.19,23946,0.81,887381,0.92
05/11/2021,2152549,0.38,1231886,0.54,66590,0.21,51588,0.18,22751,0.77,873176,0.91
05/10/2021,1993889,0.35,1149109,0.51,66443,0.21,50090,0.17,20751,0.71,844563,0.88
05/09/2021,1108734,0.46,576000,0.6,44180,0.45,37795,0.36,13897,0.82,854809,1
05/08/2021,1444674,0.45,779188,0.56,47264,0.4,42664,0.28,13339,0.77,854156,0.89
05/07/2021,2241860,0.39,1222741,0.54,74897,0.23,61477,0.21,22730,0.77,936747,0.97
05/06/2021,2204111,0.38,1258536,0.55,65472,0.21,52748,0.18,23792,0.81,905604,0.94
05/05/2021,2078394,0.36,1158445,0.51,63030,0.2,48351,0.17,23236,0.79,841968,0.87
05/04/2021,2124252,0.37,1227250,0.54,63682,0.2,49415,0.17,22962,0.78,851039,0.88
05/03/2021,1974754,0.34,1165505,0.51,62511,0.2,45800,0.16,21492,0.73,828506,0.86
05/02/2021,1153471,0.48,620063,0.64,34174,0.35,32683,0.31,11541,0.68,809865,0.95
05/01/2021,1515211,0.47,818655,0.59,42864,0.36,41395,0.27,13263,0.77,849633,0.89
04/30/2021,2163175,0.39,1185321,0.54,70906,0.23,57364,0.2,22322,0.77,922720,0.98
04/29/2021,2032405,0.36,1166096,0.53,63397,0.2,47785,0.17,22201,0.77,873037,0.93
04/28/2021,2139820,0.38,1227777,0.56,64953,0.21,50011,0.17,24412,0.84,888723,0.94
04/27/2021,2045718,0.37,1198299,0.55,62644,0.2,47310,0.16,22603,0.78,839788,0.89
04/26/2021,1959131,0.35,1156913,0.53,63052,0.2,46752,0.16,21083,0.73,826605,0.88
04/25/2021,985027,0.4,540989,0.55,29624,0.32,23855,0.23,9777,0.52,695863,0.8
04/24/2021,1520057,0.48,809163,0.61,44931,0.39,43227,0.29,13351,0.8,854964,0.94
04/23/2021,2125087,0.38,1184193,0.54,70378,0.23,56155,0.2,22035,0.76,920588,0.98
04/22/2021,2044069,0.37,1166357,0.53,61897,0.2,46790,0.16,21832,0.75,871573,0.93
04/21/2021,1969710,0.35,1139762,0.52,58879,0.19,45253,0.16,22379,0.77,828447,0.88
04/20/2021,2086630,0.37,1223642,0.56,63352,0.2,49100,0.17,23528,0.81,860511,0.91
04/19/2021,1914960,0.34,1147977,0.53,61544,0.2,45925,0.16,21274,0.74,816540,0.87
04/18/2021,1082503,0.44,607333,0.61,33285,0.36,30983,0.3,10865,0.58,753446,0.87
04/17/2021,1425036,0.45,803352,0.6,43477,0.38,39789,0.27,13313,0.8,813162,0.89
04/16/2021,2082447,0.37,1157507,0.53,66099,0.21,54355,0.19,21632,0.75,889711,0.95
04/15/2021,1910326,0.34,1083083,0.5,58435,0.19,44175,0.15,21198,0.73,822207,0.87
04/14/2021,2021936,0.36,1199954,0.55,61110,0.2,47970,0.17,23462,0.81,852606,0.91
04/13/2021,2016030,0.36,1196355,0.55,61345,0.2,46150,0.16,22728,0.79,832482,0.88
04/12/2021,1849254,0.33,1087799,0.5,58689,0.19,43563,0.15,21192,0.73,793402,0.84
04/11/2021,900666,0.37,504407,0.51,27866,0.3,22933,0.22,9742,0.52,666435,0.77
04/10/2021,1392745,0.44,790023,0.59,40045,0.35,36629,0.25,12713,0.76,822112,0.9
04/09/2021,2030410,0.36,1144311,0.52,65994,0.21,52445,0.18,21978,0.76,895229,0.95
04/08/2021,2017306,0.36,1177833,0.54,61975,0.2,47059,0.16,22579,0.78,877834,0.93
04/07/2021,1989179,0.36,1172362,0.54,60251,0.19,45747,0.16,23469,0.81,858593,0.91
04/06/2021,1946071,0.35,1155101,0.53,60342,0.19,45178,0.16,21695,0.75,840351,0.89
04/05/2021,1822134,0.33,1088750,0.5,61460,0.2,46156,0.16,19970,0.69,832239,0.88
04/04/2021,951260,0.39,519812,0.52,35551,0.39,30673,0.3,11632,0.62,749910,0.87
04/03/2021,1319964,0.42,750682,0.56,41526,0.36,37706,0.25,12735,0.76,779701,0.85
04/02/2021,1760768,0.31,958085,0.44,60474,0.19,49309,0.17,18839,0.65,845252,0.9
04/01/2021,1845249,0.33,1030209,0.47,55235,0.18,38466,0.13,20490,0.71,856466,0.91
03/31/2021,1812072,0.32,995873,0.44,59244,0.19,43954,0.16,20374,0.69,833052,0.9
03/30/2021,1885343,0.34,1079381,0.48,63608,0.2,46574,0.17,21019,0.71,842154,0.91
03/29/2021,1745540,0.31,1002597,0.45,60474,0.19,44240,0.16,18543,0.62,763647,0.83
03/28/2021,807247,0.35,459949,0.46,26019,0.3,21000,0.22,9104,0.52,601860,0.75
03/27/2021,1374266,0.45,781981,0.59,43757,0.41,38301,0.28,12900,0.76,841595,0.97
03/26/2021,1941782,0.35,1091753,0.49,63408,0.2,49529,0.18,20805,0.7,865970,0.94
03/25/2021,1929515,0.35,1127964,0.5,59154,0.19,44105,0.16,21763,0.73,847633,0.92
03/24/2021,1831662,0.33,1075968,0.48,55571,0.18,40301,0.15,21651,0.73,794315,0.86
03/23/2021,1883301,0.34,1133504,0.51,57925,0.18,41654,0.15,21590,0.73,810243,0.88
03/22/2021,1805084,0.32,1095241,0.49,58868,0.19,43281,0.16,20427,0.69,788542,0.86
03/21/2021,1013386,0.44,579358,0.58,31844,0.37,26380,0.28,10358,0.59,735673,0.91
03/20/2021,1307403,0.43,768908,0.58,38467,0.36,33068,0.24,12558,0.74,787777,0.9
03/19/2021,1910080,0.34,1083647,0.48,60107,0.19,46605,0.17,20357,0.68,863187,0.94
03/18/2021,1774375,0.32,1019472,0.45,54181,0.17,39884,0.14,20264,0.68,799478,0.87
03/17/2021,1869879,0.33,1103979,0.49,56856,0.18,41682,0.15,22323,0.75,808876,0.88
03/16/2021,1801682,0.32,1062179,0.47,54138,0.17,40038,0.15,20903,0.7,786996,0.85
03/15/2021,1733288,0.31,1023990,0.46,55483,0.18,39529,0.14,19986,0.67,774146,0.84
03/14/2021,923968,0.4,531754,0.53,27908,0.32,22348,0.24,9732,0.55,673170,0.83
03/13/2021,1257372,0.41,730218,0.55,35446,0.33,31500,0.23,11932,0.7,776744,0.89
03/12/2021,1917972,0.34,1092388,0.49,61878,0.2,48553,0.18,21724,0.73,873014,0.95
03/11/2021,1885584,0.34,1107502,0.49,56918,0.18,42543,0.15,22617,0.76,836773,0.91
03/10/2021,1852702,0.33,1104610,0.49,54509,0.17,41489,0.15,22774,0.77,804700,0.87
03/09/2021,1837670,0.33,1101988,0.49,55251,0.18,40944,0.15,22200,0.75,791512,0.86
03/08/2021,1722930,0.31,1039763,0.46,55500,0.18,39764,0.14,20685,0.7,767707,0.83
03/07/2021,894177,0.39,525930,0.53,26899,0.31,21548,0.23,9843,0.56,662461,0.82
03/06/2021,1167887,0.38,696719,0.52,34241,0.32,27277,0.2,11951,0.71,728236,0.84
03/05/2021,1829185,0.33,1041408,0.46,59404,0.19,45027,0.16,21842,0.73,846071,0.92
03/04/2021,1812200,0.32,1078036,0.48,55675,0.18,39731,0.14,21727,0.73,807284,0.88
03/03/2021,1850000,0.33,1119137,0.5,54999,0.18,39652,0.14,22823,0.77,798577,0.87
03/02/2021,1752983,0.31,1024511,0.46,52509,0.17,36611,0.13,20640,0.69,763489,0.83
03/01/2021,1699607,0.3,1020837,0.46,52055,0.17,36339,0.13,20359,0.68,747909,0.81
02/28/2021,811043,0.37,491545,0.5,23843,0.31,20086,0.22,8910,0.53,619960,0.82
02/27/2021,1074256,0.37,635820,0.5,29081,0.31,24256,0.19,11319,0.7,681969,0.82
02/26/2021,1826171,0.34,1065376,0.5,59073,0.2,44411,0.16,21911,0.74,851052,0.96
02/25/2021,1801708,0.33,1069420,0.5,54480,0.18,39398,0.15,22138,0.75,814611,0.92
02/24/2021,1809852,0.33,1099351,0.51,53550,0.18,39125,0.15,23223,0.79,797488,0.9
02/23/2021,1733604,0.32,1040398,0.48,52538,0.17,37506,0.14,20852,0.71,759850,0.86
02/22/2021,1585133,0.29,927414,0.43,50027,0.17,35469,0.13,19015,0.65,691608,0.78
02/21/2021,837051,0.38,516715,0.53,25277,0.32,19844,0.22,9195,0.55,605395,0.8
02/20/2021,1111970,0.39,679240,0.54,31169,0.33,25729,0.2,10578,0.65,657045,0.79
02/19/2021,1568728,0.29,809308,0.38,49387,0.16,38308,0.14,14172,0.48,608152,0.69
02/18/2021,1384407,0.25,725951,0.34,42105,0.14,31748,0.12,15843,0.54,456327,0.52
02/17/2021,1736509,0.32,1061711,0.49,53150,0.18,39206,0.15,22336,0.76,821333,0.93
02/16/2021,1630739,0.3,963223,0.45,51985,0.17,36235,0.13,19126,0.65,726224,0.82
02/15/2021,1220357,0.56,726412,0.74,47094,0.6,21792,0.24,11437,0.39,641883,0.85
02/14/2021,858877,0.39,479319,0.49,23456,0.3,20489,0.22,7835,0.46,551288,0.73
02/13/2021,1093261,0.38,656637,0.52,29519,0.32,25456,0.19,11669,0.72,666722,0.8
02/12/2021,1709253,0.31,965421,0.45,55556,0.18,42229,0.16,20165,0.69,803912,0.91
02/11/2021,1717804,0.32,1005348,0.47,50970,0.17,37230,0.14,20144,0.68,755367,0.86
02/10/2021,1753405,0.32,1052021,0.49,51029,0.17,36581,0.14,22169,0.75,769088,0.87
02/09/2021,1669590,0.31,992290,0.46,49719,0.16,34582,0.13,19386,0.66,682085,0.77
02/08/2021,1642828,0.3,964007,0.45,50919,0.17,36921,0.14,17786,0.6,701146,0.79
02/07/2021,653257,0.3,367095,0.38,17157,0.22,14068,0.15,7115,0.42,340122,0.45
02/06/2021,1149757,0.4,715717,0.57,29483,0.31,25168,0.19,12020,0.74,689415,0.83
02/05/2021,1744130,0.32,1001775,0.47,53042,0.18,40322,0.15,20136,0.68,766091,0.87
02/04/2021,1789214,0.33,1033791,0.48,51802,0.17,37591,0.14,20328,0.69,742193,0.84
02/03/2021,1705655,0.31,949695,0.44,49461,0.16,36347,0.13,16869,0.57,656614,0.74
02/02/2021,1007502,0.19,543073,0.25,16268,0.05,22258,0.08,8155,0.28,311607,0.35
02/01/2021,584184,0.11,337228,0.16,6177,0.02,12093,0.04,12202,0.41,156759,0.18
01/31/2021,723473,0.35,427945,0.47,22078,0.27,17531,0.19,8616,0.64,573512,0.84
01/30/2021,943426,0.35,566837,0.47,27029,0.28,21229,0.16,10284,0.71,652550,0.85
01/29/2021,1514326,0.29,812264,0.4,50664,0.17,37760,0.14,19047,0.67,780131,0.9
01/28/2021,1650014,0.32,950205,0.46,51353,0.17,37015,0.14,20139,0.71,768600,0.88
01/27/2021,1663376,0.32,1004792,0.49,50885,0.17,35635,0.13,19841,0.7,740154,0.85
01/26/2021,1553918,0.3,911579,0.45,49269,0.16,34574,0.13,18115,0.64,653068,0.75
01/25/2021,1595694,0.31,978987,0.48,52983,0.18,36509,0.14,19991,0.71,727393,0.84
01/24/2021,741960,0.35,458203,0.5,22922,0.28,17881,0.2,8317,0.62,560522,0.82
01/23/2021,998665,0.37,619673,0.52,28348,0.29,22216,0.17,10536,0.73,640381,0.84
01/22/2021,1675175,0.32,1018584,0.5,55479,0.18,40981,0.15,20375,0.72,787474,0.91
01/21/2021,1656100,0.32,1007042,0.49,52234,0.17,37003,0.14,19925,0.7,760221,0.87
01/20/2021,1578038,0.31,921371,0.45,49129,0.16,35263,0.13,19281,0.68,712711,0.82
01/19/2021,1639243,0.32,1013616,0.5,52394,0.17,36885,0.14,21049,0.74,736254,0.85
01/18/2021,1279119,0.61,766926,0.84,49754,0.6,22337,0.25,14124,0.5,689251,1.01
01/17/2021,798564,0.38,504031,0.55,23160,0.28,20269,0.22,9880,0.73,580771,0.85
01/16/2021,992599,0.37,645625,0.54,27510,0.28,22548,0.17,11654,0.8,631135,0.83
01/15/2021,1630098,0.32,981817,0.48,54594,0.18,41025,0.15,21819,0.77,788779,0.91
01/14/2021,1650630,0.32,1017757,0.5,52023,0.17,37403,0.14,21950,0.78,754071,0.87
01/13/2021,1644812,0.32,996646,0.49,51057,0.17,36488,0.14,22720,0.8,737859,0.85
01/12/2021,1643725,0.32,997279,0.49,51555,0.17,36563,0.14,21623,0.76,730831,0.84
01/11/2021,1571330,0.3,966517,0.47,52370,0.17,36016,0.13,21089,0.75,708058,0.81
01/10/2021,763690,0.36,501437,0.55,22709,0.27,18076,0.2,9467,0.7,564543,0.83
01/09/2021,991218,0.37,643475,0.54,27354,0.28,22332,0.17,12023,0.83,630790,0.83
01/08/2021,1622259,0.31,982175,0.48,53403,0.18,39102,0.15,21641,0.76,754548,0.87
01/07/2021,1614248,0.31,989097,0.48,51112,0.17,36345,0.14,21571,0.76,736609,0.85
01/06/2021,1616889,0.31,996123,0.49,50839,0.17,35857,0.13,22795,0.81,726679,0.84
01/05/2021,1600910,0.31,990479,0.48,50848,0.17,35806,0.13,21641,0.76,708610,0.82
01/04/2021,1561237,0.3,964597,0.47,51496,0.17,35680,0.13,20612,0.73,688045,0.79
01/03/2021,653915,0.31,413820,0.45,19906,0.24,15546,0.17,9745,0.72,496494,0.73
01/02/2021,989612,0.36,608686,0.51,29299,0.3,23140,0.18,10450,0.72,624765,0.82
01/01/2021,614497,0.29,378288,0.41,22542,0.27,14988,0.17,5960,0.21,445950,0.65
12/31/2020,1277146,0.24,780869,0.39,52781,0.17,39947,0.14,17167,0.59,704297,0.79
12/30/2020,1585476,0.3,935138,0.47,54923,0.17,40962,0.15,20922,0.72,799839,0.9
12/29/2020,1558295,0.29,918291,0.46,54556,0.17,39416,0.14,19717,0.68,759864,0.86
12/28/2020,1513195,0.28,902574,0.45,56589,0.18,41012,0.15,18820,0.65,743305,0.84
12/27/2020,761251,0.3,469973,0.48,25719,0.24,20470,0.19,9457,0.53,594862,0.75
12/26/2020,880184,0.26,555857,0.44,27978,0.22,22076,0.14,9094,0.53,593895,0.67
12/25/2020,485839,0.19,312707,0.32,38251,0.36,14435,0.13,8611,0.3,476547,0.6
12/24/2020,1314656,0.25,813353,0.41,53204,0.17,38899,0.14,15928,0.55,760624,0.86
12/23/2020,1775738,0.33,1033609,0.52,58460,0.19,42100,0.15,23305,0.8,864271,0.98
12/22/2020,1764202,0.33,1031789,0.52,56697,0.18,39579,0.14,22820,0.78,814975,0.92
12/21/2020,1719279,0.32,1011638,0.51,56352,0.18,39814,0.14,21647,0.74,777049,0.88
12/20/2020,822001,0.32,516601,0.53,24348,0.23,18767,0.17,9585,0.54,555254,0.7
12/19/2020,1112852,0.33,669751,0.53,31900,0.25,24217,0.15,11589,0.67,651814,0.74
12/18/2020,1738727,0.32,938457,0.47,55802,0.18,41287,0.15,17537,0.6,736356,0.83
12/17/2020,1081431,0.2,525802,0.26,15041,0.05,12527,0.04,9940,0.34,297298,0.34
12/16/2020,1571978,0.29,854245,0.43,47162,0.15,33572,0.12,19296,0.66,625006,0.71
12/15/2020,1786741,0.33,1076717,0.54,54239,0.17,38322,0.14,23432,0.8,819063,0.92
12/14/2020,1587068,0.3,950309,0.47,52039,0.16,36057,0.13,21333,0.73,723908,0.82
12/13/2020,911519,0.36,579527,0.59,29350,0.28,22670,0.21,10208,0.57,659446,0.83
12/12/2020,1091372,0.33,704357,0.56,32436,0.25,24119,0.15,12307,0.71,671668,0.76
12/11/2020,1789568,0.33,1053576,0.53,59384,0.19,42421,0.15,22751,0.78,821871,0.93
12/10/2020,1764682,0.33,1066582,0.53,53968,0.17,37601,0.13,22845,0.78,784406,0.89
12/09/2020,1705159,0.32,1017090,0.51,51762,0.16,35918,0.13,22459,0.77,749886,0.85
12/08/2020,1544078,0.29,1029646,0.51,51879,0.16,36403,0.13,22177,0.76,744112,0.84
12/07/2020,1659836,0.31,1018044,0.51,53967,0.17,36890,0.13,21424,0.73,729674,0.82
12/06/2020,879278,0.35,545433,0.56,26184,0.25,19653,0.18,9904,0.56,590525,0.74
12/05/2020,1001236,0.3,619735,0.49,26023,0.2,19728,0.13,10151,0.59,572557,0.65
12/04/2020,1704749,0.32,1012813,0.51,53682,0.17,39229,0.14,21960,0.75,775709,0.88
12/03/2020,1739370,0.32,1056963,0.53,52736,0.17,37014,0.13,22941,0.79,767310,0.87
12/02/2020,1703245,0.32,1018368,0.51,50998,0.16,35615,0.13,22712,0.78,746840,0.84
12/01/2020,1709780,0.32,1051162,0.52,50881,0.16,35226,0.13,21693,0.74,752069,0.85
11/30/2020,1462166,0.26,819615,0.37,53423,0.16,37027,0.13,19751,0.63,652664,0.69
11/29/2020,827800,0.33,545820,0.55,27488,0.29,21898,0.21,9360,0.5,631799,0.77
11/28/2020,1034026,0.33,684962,0.52,32585,0.28,24688,0.16,10808,0.64,649087,0.71
11/27/2020,1265519,0.5,812188,0.82,55384,0.59,25009,0.24,12395,0.4,671214,0.81
11/26/2020,653123,0.26,443386,0.45,49036,0.52,20393,0.2,12151,0.39,564193,0.68
11/25/2020,1691393,0.3,1032401,0.47,62271,0.19,46210,0.16,21450,0.69,853222,0.9
11/24/2020,1739107,0.31,1064087,0.49,59742,0.18,41773,0.15,22814,0.73,821450,0.87
11/23/2020,1649748,0.29,1002977,0.46,58536,0.18,40669,0.14,21297,0.68,755375,0.8
11/22/2020,818055,0.32,543514,0.55,26133,0.28,20269,0.19,10694,0.57,598349,0.73
11/21/2020,1157976,0.37,750818,0.57,33822,0.29,27716,0.18,13193,0.78,742369,0.82
11/20/2020,1803896,0.32,1073124,0.49,62644,0.19,44684,0.16,22945,0.73,843069,0.89
11/19/2020,1761064,0.31,1058467,0.48,57205,0.17,40123,0.14,21780,0.7,800461,0.85
11/18/2020,1791183,0.32,1072627,0.49,56023,0.17,39694,0.14,23390,0.75,776422,0.82
11/17/2020,1792431,0.32,1094353,0.5,57853,0.18,40079,0.14,22524,0.72,764725,0.81
11/16/2020,1745282,0.31,1051458,0.48,59718,0.18,41962,0.15,21851,0.7,757988,0.8
11/15/2020,821555,0.33,524515,0.53,26073,0.28,20946,0.2,9763,0.52,596389,0.72
11/14/2020,1215491,0.38,755714,0.57,35735,0.31,31397,0.21,12928,0.76,735029,0.81
11/13/2020,1820025,0.32,1061880,0.48,61820,0.19,45127,0.16,22054,0.71,821059,0.87
11/12/2020,1780212,0.31,1058761,0.48,58237,0.18,40382,0.14,22059,0.71,779141,0.83
11/11/2020,1617862,0.64,968853,0.97,55515,0.59,40074,0.38,20263,0.65,713640,0.87
11/10/2020,1840750,0.33,1146090,0.52,60891,0.19,43084,0.15,23138,0.74,800965,0.85
11/09/2020,1756175,0.31,1099361,0.5,61198,0.19,42628,0.15,21444,0.69,773217,0.82
11/08/2020,928516,0.37,584868,0.59,32423,0.34,27961,0.27,10474,0.56,726041,0.88
11/07/2020,1246356,0.39,749502,0.57,40002,0.35,35871,0.24,13409,0.79,790712,0.87
11/06/2020,1840860,0.33,1114000,0.51,64147,0.2,48139,0.17,22659,0.73,858167,0.91
11/05/2020,1797589,0.32,1125820,0.51,58776,0.18,41550,0.15,22937,0.73,818991,0.87
11/04/2020,1693937,0.3,1083036,0.49,54345,0.17,38818,0.14,22174,0.71,754704,0.8
11/03/2020,1606096,0.28,1017551,0.46,54643,0.17,39749,0.14,20416,0.65,720562,0.76
11/02/2020,1751443,0.31,1064298,0.49,58206,0.18,40609,0.14,21127,0.68,772129,0.82
11/01/2020,786678,0.31,510667,0.51,24849,0.26,22602,0.22,10180,0.54,660915,0.8
10/31/2020,1174079,0.35,724129,0.52,36426,0.32,34077,0.22,12816,0.72,743811,0.79
10/30/2020,1771288,0.31,1004498,0.45,63086,0.2,47968,0.16,21243,0.71,824680,0.89
10/29/2020,1708611,0.3,974119,0.43,57737,0.18,41158,0.14,20925,0.7,776467,0.84
10/28/2020,1823028,0.32,1109591,0.49,60325,0.19,43290,0.15,23258,0.78,801966,0.86
10/27/2020,1818884,0.32,1138746,0.51,60741,0.19,43341,0.15,21870,0.73,789371,0.85
10/26/2020,1694080,0.29,1058119,0.47,60491,0.19,43558,0.15,20817,0.7,760604,0.82
10/25/2020,885001,0.36,576930,0.58,29458,0.32,28321,0.27,10074,0.55,725809,0.86
10/24/2020,1185612,0.36,780710,0.56,38250,0.34,38673,0.25,12916,0.73,805454,0.85
10/23/2020,1846268,0.32,1128035,0.5,67337,0.21,51766,0.18,21766,0.73,881995,0.95
10/22/2020,1829135,0.32,1146065,0.51,62602,0.2,45771,0.16,22391,0.75,845064,0.91
10/21/2020,1816797,0.32,1147375,0.51,60017,0.19,44103,0.15,22959,0.77,806738,0.87
10/20/2020,1784090,0.31,1127897,0.5,60178,0.19,42742,0.15,21936,0.74,790018,0.85
10/19/2020,1722723,0.3,1104658,0.49,62193,0.2,44369,0.15,20812,0.7,782239,0.84
10/18/2020,897886,0.37,585376,0.58,30336,0.33,30690,0.29,9998,0.54,752262,0.89
10/17/2020,1211061,0.36,780003,0.56,38381,0.34,37764,0.25,11831,0.67,794520,0.84
10/16/2020,1674686,0.29,986166,0.44,62745,0.2,47292,0.16,20776,0.7,820106,0.88
10/15/2020,1857822,0.32,1154164,0.51,63733,0.2,46250,0.16,22834,0.77,866245,0.93
10/14/2020,1842638,0.32,1161893,0.52,62080,0.2,45149,0.16,23169,0.78,824529,0.89
10/13/2020,1718853,0.3,1067179,0.47,53201,0.17,42206,0.15,20909,0.7,765671,0.82
10/12/2020,1286892,0.22,770512,0.34,53539,0.17,39838,0.14,15722,0.53,685982,0.74
10/11/2020,849518,0.35,564046,0.56,30258,0.33,28784,0.27,9470,0.52,692669,0.82
10/10/2020,1171657,0.35,770914,0.55,39048,0.34,41410,0.27,12627,0.71,823775,0.87
10/09/2020,1811779,0.31,1114870,0.49,58900,0.19,52686,0.18,21274,0.71,896404,0.97
10/08/2020,1801918,0.31,1128062,0.5,62089,0.2,44802,0.15,21964,0.74,845788,0.91
10/07/2020,1774408,0.31,1124542,0.5,60650,0.19,43535,0.15,23027,0.77,814866,0.88
10/06/2020,1762320,0.31,1133242,0.5,60982,0.19,43803,0.15,21475,0.72,802900,0.87
10/05/2020,1682379,0.29,1092193,0.48,61850,0.2,42258,0.15,19971,0.67,783540,0.84
10/04/2020,853591,0.35,566754,0.57,30593,0.34,27667,0.26,10010,0.54,706562,0.84
10/03/2020,1168073,0.35,773305,0.56,39477,0.35,36907,0.24,12759,0.72,810626,0.86
10/02/2020,1794201,0.31,1109459,0.49,65360,0.21,48883,0.17,21626,0.73,891268,0.96
10/01/2020,1813961,0.31,1150563,0.51,60764,0.19,42390,0.15,22309,0.75,870606,0.94
09/30/2020,1744524,0.3,984900,0.42,59629,0.18,41967,0.15,21424,0.72,822682,0.86
09/29/2020,1664896,0.29,2209100,0.95,59006,0.18,40515,0.14,20517,0.69,790861,0.83
09/28/2020,1492611,0.26,2228600,0.96,60024,0.18,43237,0.15,17678,0.6,753159,0.79
09/27/2020,846184,0.33,2177200,1.98,32111,0.32,28481,0.27,9491,0.55,731091,0.83
09/26/2020,1120175,0.35,2244500,1.6,39622,0.33,35772,0.23,12128,0.71,824515,0.86
09/25/2020,1765299,0.3,2066700,0.89,66493,0.2,49819,0.17,21233,0.72,912599,0.96
09/24/2020,1726180,0.3,1249100,0.54,60397,0.18,42969,0.15,21554,0.73,857578,0.9
09/23/2020,1739043,0.3,957200,0.41,59478,0.18,42506,0.15,22501,0.76,834469,0.88
09/22/2020,1702325,0.29,2124800,0.91,58293,0.18,41389,0.14,21103,0.71,808351,0.85
09/21/2020,1627636,0.28,2112000,0.91,60052,0.18,41901,0.15,19488,0.66,788505,0.83
09/20/2020,828365,0.33,2113000,1.92,31291,0.32,26329,0.25,9269,0.54,705596,0.8
09/19/2020,1137948,0.35,1938400,1.38,39293,0.33,34609,0.23,12246,0.71,802614,0.84
09/18/2020,1728810,0.3,1715700,0.74,65164,0.2,48213,0.17,20702,0.7,894931,0.94
09/17/2020,1695985,0.29,993300,0.43,58855,0.18,42339,0.15,21005,0.71,848024,0.89
09/16/2020,1690405,0.29,711600,0.31,58166,0.18,41417,0.14,22070,0.74,816708,0.86
09/15/2020,1681774,0.29,1237300,0.53,58059,0.18,41288,0.14,20763,0.7,815700,0.86
09/14/2020,1607896,0.28,1094900,0.47,59913,0.18,41286,0.14,19888,0.67,799573,0.84
09/13/2020,796744,0.31,1059500,0.96,29455,0.3,24009,0.23,9315,0.54,703809,0.8
09/12/2020,1083727,0.34,933600,0.67,37419,0.32,32400,0.21,12349,0.72,800190,0.84
09/11/2020,1693776,0.29,868600,0.37,63672,0.19,47781,0.17,20809,0.7,895766,0.94
09/10/2020,1547065,0.27,564900,0.24,55662,0.17,39296,0.14,20181,0.68,801431,0.84
09/09/2020,1613662,0.28,378900,0.16,57517,0.18,41954,0.15,21801,0.73,825412,0.87
09/08/2020,1559312,0.27,578200,0.25,60446,0.18,42963,0.15,19806,0.67,833996,0.88
09/07/2020,872174,0.34,657800,0.6,53588,0.54,27326,0.26,9261,0.31,697865,0.79
09/06/2020,819600,0.32,618000,0.56,35911,0.36,28566,0.27,10160,0.59,753036,0.85
09/05/2020,1013746,0.31,646100,0.46,42462,0.36,34622,0.23,12118,0.71,798823,0.84
09/04/2020,1571533,0.27,641800,0.28,63502,0.19,47153,0.16,20223,0.68,936602,0.98
09/03/2020,1532512,0.26,403700,0.17,55941,0.17,39920,0.14,19992,0.67,869126,0.91
09/02/2020,1491161,0.26,306800,0.13,51851,0.16,36160,0.13,19990,0.67,810144,0.85
09/01/2020,1472491,0.25,563900,0.24,51026,0.16,36035,0.12,18929,0.64,809685,0.85
08/31/2020,1400448,0.27,514300,0.25,54747,0.18,37727,0.14,18185,0.65,817544,0.84
08/30/2020,748886,0.31,495400,0.45,34569,0.33,26521,0.26,9752,0.54,805096,0.87
08/29/2020,774465,0.26,472700,0.34,28080,0.21,22235,0.15,9814,0.59,645956,0.67
08/28/2020,1391299,0.27,483800,0.24,57273,0.18,41222,0.15,18845,0.67,899892,0.93
08/27/2020,1361128,0.26,383400,0.19,51827,0.17,35551,0.13,19271,0.69,847285,0.87
08/26/2020,1410651,0.27,299600,0.15,53579,0.17,36621,0.13,20659,0.74,859625,0.88
08/25/2020,1349335,0.26,454900,0.23,51215,0.16,35689,0.13,18682,0.67,821597,0.85
08/24/2020,1310101,0.25,441000,0.22,52661,0.17,35904,0.13,17643,0.63,815665,0.84
08/23/2020,672193,0.28,431700,0.39,29013,0.28,22497,0.22,8297,0.46,737097,0.8
08/22/2020,883393,0.3,401900,0.29,36624,0.27,27785,0.18,11456,0.69,812308,0.85
08/21/2020,1390232,0.27,414100,0.21,57234,0.18,41110,0.15,19035,0.68,909773,0.94
08/20/2020,1413449,0.27,378200,0.19,53659,0.17,37078,0.14,19344,0.69,889782,0.92
08/19/2020,1294931,0.25,279100,0.14,49046,0.16,34377,0.13,19915,0.71,816805,0.84
08/18/2020,1372568,0.27,347800,0.17,51831,0.17,34361,0.13,19274,0.69,838008,0.86
08/17/2020,1307543,0.25,470900,0.23,52176,0.17,35362,0.13,17377,0.62,806108,0.83
08/16/2020,554980,0.23,454100,0.41,22862,0.22,18165,0.17,7902,0.44,620686,0.67
08/15/2020,861763,0.29,447000,0.33,34917,0.26,27678,0.18,11487,0.69,804346,0.84
08/14/2020,1358798,0.26,470300,0.23,54867,0.18,39342,0.14,18113,0.65,893657,0.92
08/13/2020,1294248,0.25,352000,0.17,49105,0.16,33823,0.12,18608,0.67,819019,0.84
08/12/2020,1302087,0.25,318100,0.16,47815,0.15,33736,0.12,19346,0.69,800865,0.82
08/11/2020,1322978,0.26,498700,0.25,50590,0.16,33509,0.12,18546,0.66,821976,0.85
08/10/2020,1278263,0.25,450900,0.22,51542,0.16,33501,0.12,18178,0.65,826001,0.85
08/09/2020,663642,0.28,518900,0.47,28802,0.28,20503,0.2,8287,0.46,744618,0.81
08/08/2020,834093,0.28,487300,0.35,31129,0.23,23514,0.15,10613,0.64,730739,0.76
08/07/2020,1286635,0.25,475400,0.24,49639,0.16,32882,0.12,17502,0.63,844097,0.87
08/06/2020,1337819,0.26,430800,0.21,47295,0.15,28283,0.1,19117,0.68,847497,0.87
08/05/2020,1351026,0.26,293500,0.15,40581,0.13,26598,0.1,18299,0.66,847330,0.87
08/04/2020,1028686,0.2,518400,0.26,25726,0.08,22286,0.08,14924,0.53,577415,0.59
08/03/2020,1275951,0.25,555600,0.28,49601,0.16,32884,0.12,17594,0.63,818732,0.84
08/02/2020,590675,0.25,519600,0.47,23355,0.22,17886,0.17,7431,0.41,648735,0.7
08/01/2020,843372,0.29,488800,0.36,33126,0.25,26261,0.17,10685,0.64,799745,0.83
07/31/2020,1260968,0.24,555300,0.27,50272,0.16,38041,0.13,17654,0.62,859774,0.89
07/30/2020,1272918,0.24,478600,0.23,48311,0.15,34123,0.12,17333,0.61,820275,0.85
07/29/2020,1298880,0.25,375900,0.18,48363,0.15,33734,0.12,18216,0.64,816959,0.85
07/28/2020,1244405,0.24,578300,0.28,45997,0.15,31678,0.11,16892,0.6,782226,0.81
07/27/2020,1206129,0.23,583400,0.28,48526,0.15,31569,0.11,16607,0.59,793225,0.83
07/26/2020,607452,0.26,538800,0.49,27502,0.26,20170,0.19,7429,0.45,697533,0.79
07/25/2020,817403,0.29,605600,0.45,33753,0.26,25173,0.16,10350,0.65,769898,0.83
07/24/2020,1220649,0.23,573700,0.28,48965,0.15,36640,0.13,17311,0.61,826030,0.86
07/23/2020,1236427,0.23,462400,0.22,45984,0.15,32976,0.12,17056,0.6,791577,0.82
07/22/2020,1236384,0.23,386000,0.19,45152,0.14,32486,0.11,17582,0.62,784013,0.82
07/21/2020,1244544,0.24,553300,0.27,46623,0.15,33214,0.12,16831,0.59,792955,0.82
07/20/2020,1159163,0.22,594900,0.29,46870,0.15,32280,0.11,15957,0.56,770607,0.8
07/19/2020,585498,0.25,611300,0.56,27704,0.26,18675,0.18,7052,0.43,696110,0.79
07/18/2020,779722,0.28,616000,0.46,32114,0.25,24071,0.16,9785,0.62,747445,0.81
07/17/2020,1209692,0.23,671500,0.32,48160,0.15,35415,0.13,16401,0.58,819471,0.85
07/16/2020,1251884,0.24,530600,0.26,46751,0.15,33259,0.12,17230,0.61,819850,0.85
07/15/2020,1251164,0.24,413500,0.2,45982,0.15,32604,0.12,18149,0.64,803399,0.84
07/14/2020,1243749,0.24,624200,0.3,45745,0.14,31922,0.11,17081,0.6,794838,0.83
07/13/2020,1178204,0.22,643600,0.31,45945,0.15,31876,0.11,15928,0.56,756123,0.79
07/12/2020,628918,0.27,654800,0.6,26545,0.25,19860,0.19,7395,0.45,703590,0.8
07/11/2020,693789,0.24,655300,0.49,23410,0.18,18684,0.12,8453,0.53,625288,0.68
07/10/2020,1032749,0.2,690200,0.33,41563,0.13,29683,0.1,15738,0.56,712635,0.74
07/09/2020,1213851,0.23,460700,0.22,45876,0.14,31914,0.11,17017,0.6,818034,0.85
07/08/2020,1174733,0.22,461200,0.22,43563,0.14,30174,0.11,16980,0.6,758208,0.79
07/07/2020,1159588,0.22,531600,0.26,42596,0.13,30507,0.11,16003,0.56,749833,0.78
07/06/2020,1087178,0.21,709000,0.34,44199,0.14,30557,0.11,14886,0.53,750584,0.78
07/05/2020,534220,0.23,719200,0.66,26289,0.25,19137,0.18,6280,0.38,659099,0.75
07/04/2020,592295,0.21,710800,0.53,29897,0.23,22085,0.14,8391,0.53,569212,0.62
07/03/2020,853015,0.36,720800,0.66,41750,0.4,32050,0.3,10915,0.38,713240,0.81
07/02/2020,1172848,0.22,622000,0.3,45020,0.14,31948,0.11,15981,0.56,881471,0.92
07/01/2020,1122842,0.21,468300,0.23,39042,0.12,27770,0.1,16451,0.58,779409,0.81
06/30/2020,1115510,0.2,764300,0.36,38057,0.11,27077,0.09,15291,0.52,758785,0.77
06/29/2020,1103086,0.2,724400,0.34,41715,0.13,28163,0.1,14705,0.5,767165,0.78
06/28/2020,536488,0.2,741200,0.68,20767,0.21,15919,0.15,5748,0.32,623131,0.67
06/27/2020,616084,0.19,797700,0.57,21669,0.18,17933,0.11,8541,0.49,630731,0.64
06/26/2020,1104497,0.2,772900,0.36,39370,0.12,29700,0.1,15048,0.51,830887,0.85
06/25/2020,1081006,0.19,648000,0.3,35646,0.11,25644,0.09,14854,0.51,781618,0.79
06/24/2020,1070527,0.19,531900,0.25,34439,0.1,25277,0.09,15155,0.52,752750,0.77
06/23/2020,1053005,0.19,863400,0.4,34736,0.1,24909,0.08,15069,0.51,744822,0.76
06/22/2020,1002073,0.18,916900,0.43,35501,0.11,25367,0.09,13314,0.45,733291,0.75
06/21/2020,449497,0.17,914700,0.84,21910,0.22,16720,0.15,6328,0.35,654914,0.71
06/20/2020,576097,0.18,830100,0.59,23438,0.19,18560,0.12,8185,0.47,666226,0.68
06/19/2020,988680,0.38,966300,0.89,35517,0.36,27772,0.25,13868,0.47,797519,0.86
06/18/2020,944318,0.17,706800,0.33,31916,0.1,24081,0.08,13808,0.47,729487,0.74
06/17/2020,950318,0.17,571200,0.27,31026,0.09,24167,0.08,14595,0.5,709680,0.72
06/16/2020,934545,0.17,940900,0.44,30782,0.09,22555,0.08,12939,0.44,695359,0.71
06/15/2020,898925,0.16,961000,0.45,31328,0.09,22841,0.08,12953,0.44,674785,0.69
06/14/2020,430446,0.16,977200,0.9,16868,0.17,13795,0.13,5195,0.29,563725,0.61
06/13/2020,545333,0.17,977700,0.7,20521,0.17,16675,0.11,7794,0.45,631065,0.64
06/12/2020,898314,0.16,1035300,0.48,31888,0.1,24165,0.08,13224,0.45,765492,0.78
06/11/2020,819873,0.15,768500,0.36,27320,0.08,19525,0.07,12514,0.43,656696,0.67
06/10/2020,858782,0.15,592400,0.28,28340,0.09,20518,0.07,13616,0.46,680270,0.69
06/09/2020,843968,0.15,1016200,0.47,27760,0.08,19543,0.07,12869,0.44,680462,0.69
06/08/2020,806138,0.14,1086200,0.51,28089,0.08,20140,0.07,11957,0.41,644830,0.66
06/07/2020,378085,0.14,1099900,1.01,13583,0.14,11231,0.1,4650,0.26,538419,0.58
06/06/2020,464207,0.14,1088500,0.78,14641,0.12,12179,0.08,6591,0.38,551793,0.56
06/05/2020,704825,0.13,1130100,0.53,23688,0.07,18065,0.06,11698,0.4,643562,0.65
06/04/2020,728018,0.13,753900,0.35,19857,0.06,17149,0.06,12000,0.41,650868,0.66
06/03/2020,683037,0.12,641800,0.3,21394,0.06,15649,0.05,11962,0.41,582624,0.59
06/02/2020,695276,0.12,1087500,0.51,22175,0.07,16295,0.06,11206,0.38,579412,0.59
06/01/2020,688520,0.12,1082000,0.5,22626,0.07,16185,0.05,10760,0.37,595060,0.61
05/31/2020,344428,0.14,1102200,1.14,11074,0.11,9390,0.09,4216,0.25,495488,0.58
05/30/2020,426755,0.13,1178500,0.84,13058,0.11,11003,0.07,6143,0.35,537180,0.56
05/29/2020,658353,0.11,968200,0.43,18474,0.06,15698,0.05,10185,0.35,598608,0.62
05/28/2020,659248,0.11,754900,0.33,17489,0.05,14162,0.05,10030,0.34,584629,0.61
05/27/2020,675705,0.12,658700,0.29,18145,0.06,14433,0.05,11088,0.38,601140,0.62
05/26/2020,657939,0.11,1030200,0.45,18256,0.06,14938,0.05,9875,0.34,587270,0.61
05/25/2020,394359,0.16,1118800,1.16,13260,0.14,12983,0.12,5428,0.18,445015,0.52
05/24/2020,320376,0.13,1114900,1.16,9699,0.1,8977,0.09,4117,0.24,461171,0.54
05/23/2020,336250,0.1,1195700,0.86,9219,0.08,7613,0.05,5550,0.32,394091,0.41
05/22/2020,634929,0.11,926800,0.41,16824,0.05,14712,0.05,9782,0.33,626984,0.65
05/21/2020,630367,0.11,852600,0.37,15690,0.05,13295,0.05,9731,0.33,585553,0.61
05/20/2020,624793,0.11,727700,0.32,15227,0.05,12754,0.04,10224,0.35,542409,0.56
05/19/2020,611951,0.11,1144100,0.5,14773,0.05,12778,0.04,9290,0.32,524483,0.54
05/18/2020,596505,0.1,1211300,0.53,15176,0.05,13142,0.05,8969,0.3,505315,0.53
05/17/2020,287755,0.12,1229000,1.28,7184,0.07,6168,0.06,3577,0.21,391606,0.46
05/16/2020,361329,0.11,1211800,0.87,9296,0.08,8100,0.05,5947,0.34,477098,0.5
05/15/2020,588784,0.1,1176200,0.52,14806,0.05,12937,0.05,9473,0.32,562991,0.58
05/14/2020,568315,0.1,913700,0.4,13415,0.04,12132,0.04,8855,0.3,520395,0.54
05/13/2020,566333,0.1,692800,0.3,13262,0.04,11931,0.04,9437,0.32,509243,0.53
05/12/2020,554286,0.1,1130400,0.5,13008,0.04,11489,0.04,8271,0.28,488406,0.51
05/11/2020,521702,0.09,1204300,0.53,12593,0.04,11435,0.04,7636,0.26,458042,0.48
05/10/2020,272353,0.11,1189100,1.23,6528,0.07,5879,0.06,3962,0.23,415868,0.49
05/09/2020,317372,0.1,1180200,0.85,6422,0.05,6018,0.04,5055,0.29,371426,0.39
05/08/2020,526865,0.09,1134300,0.5,11580,0.04,11243,0.04,8656,0.29,483831,0.5
05/07/2020,536003,0.09,967300,0.43,11212,0.04,11248,0.04,8509,0.29,488836,0.51
05/06/2020,509646,0.09,721100,0.32,9927,0.03,10107,0.04,8832,0.3,444179,0.46
05/05/2020,522979,0.09,1185000,0.52,9073,0.03,10604,0.04,8445,0.29,462086,0.48
05/04/2020,512763,0.09,1210600,0.53,7658,0.02,10765,0.04,8287,0.28,447424,0.46
05/03/2020,259199,0.11,1273100,1.32,2708,0.03,4839,0.05,3263,0.19,353314,0.41
05/02/2020,326354,0.1,1224100,0.88,3323,0.03,5908,0.04,5493,0.32,401938,0.42
05/01/2020,495312,0.09,1220700,0.54,4569,0.01,9206,0.03,8332,0.28,445621,0.46
04/30/2020,466633,0.08,969300,0.44,6672,0.02,9971,0.03,7253,0.25,405169,0.43
04/29/2020,478589,0.09,707000,0.32,6414,0.02,10165,0.04,7844,0.27,410502,0.44
04/28/2020,490073,0.09,1268300,0.58,6450,0.02,10531,0.04,7542,0.26,436347,0.46
04/27/2020,463700,0.08,968100,0.44,6233,0.02,10243,0.04,6922,0.24,384124,0.41
04/26/2020,219096,0.09,1305000,1.32,1655,0.02,3496,0.03,2506,0.13,231541,0.27
04/25/2020,295836,0.09,1241800,0.93,2500,0.02,4988,0.03,4719,0.28,350300,0.38
04/24/2020,444644,0.08,1256300,0.57,5929,0.02,9722,0.03,7040,0.24,386935,0.41
04/23/2020,454300,0.08,962000,0.44,6021,0.02,9527,0.03,6969,0.24,386938,0.41
04/22/2020,459574,0.08,766700,0.35,6114,0.02,9694,0.03,7496,0.26,398703,0.42
04/21/2020,422860,0.08,1243700,0.57,5815,0.02,9374,0.03,6613,0.23,356099,0.38
04/20/2020,438622,0.08,1256400,0.57,6292,0.02,10063,0.04,7050,0.24,371776,0.4
04/19/2020,224751,0.09,1227500,1.24,1878,0.02,3885,0.04,2742,0.15,276406,0.32
04/18/2020,254792,0.08,1198800,0.9,2134,0.02,3966,0.03,4202,0.25,254735,0.28
04/17/2020,433106,0.08,1321800,0.6,6270,0.02,9989,0.03,7048,0.24,378350,0.4
04/16/2020,421013,0.08,1001000,0.46,6048,0.02,9528,0.03,6563,0.23,346342,0.37
04/15/2020,419851,0.08,622000,0.28,6059,0.02,9492,0.03,6928,0.24,340213,0.36
04/14/2020,430946,0.08,1275000,0.58,6203,0.02,9592,0.03,6585,0.23,356104,0.38
04/13/2020,363961,0.07,1307400,0.6,5784,0.02,8825,0.03,6205,0.21,284609,0.3
04/12/2020,198693,0.08,1212800,1.22,1953,0.02,3281,0.03,2525,0.14,217871,0.25
04/11/2020,257467,0.08,1352700,1.01,2395,0.02,4179,0.03,4235,0.25,254755,0.28
04/10/2020,400947,0.07,1335800,0.61,6252,0.02,9574,0.03,5378,0.19,314100,0.33
04/09/2020,405325,0.07,998700,0.46,6013,0.02,8931,0.03,6243,0.22,303481,0.32
04/08/2020,428206,0.08,783200,0.36,6371,0.02,9293,0.03,6950,0.24,324882,0.35
04/07/2020,435718,0.08,1270700,0.58,6552,0.02,9589,0.03,7041,0.24,335470,0.36
04/06/2020,446273,0.08,1273400,0.58,7150,0.02,9832,0.03,7093,0.25,335769,0.36
04/05/2020,227603,0.09,1361400,1.37,2583,0.03,3602,0.03,2763,0.15,209152,0.24
04/04/2020,282703,0.09,1274100,0.95,3247,0.03,4452,0.03,4375,0.26,243323,0.27
04/03/2020,484200,0.09,1333400,0.61,7321,0.02,9770,0.03,7794,0.27,340272,0.36
04/02/2020,486468,0.09,892800,0.41,7188,0.02,9493,0.03,7077,0.24,339734,0.36
04/01/2020,514201,0.09,822300,0.38,7435,0.02,9301,0.03,8151,0.28,342222,0.36
03/31/2020,509149,0.09,987400,0.44,3871,0.01,137464,0.5,7672,0.26,337626,0.37
03/30/2020,546355,0.1,996600,0.44,4766,0.02,137762,0.5,8084,0.27,344690,0.37
03/29/2020,264119,0.12,994000,1,3199,0.04,18152,0.19,3374,0.19,197154,0.24
03/28/2020,332993,0.11,1030700,0.78,4085,0.04,19088,0.14,4491,0.27,240702,0.28
03/27/2020,658312,0.12,1034500,0.46,5964,0.02,138903,0.5,8409,0.28,396778,0.43
03/26/2020,681923,0.12,740100,0.33,5952,0.02,138668,0.5,8795,0.3,390117,0.42
03/25/2020,691604,0.12,580400,0.26,6281,0.02,138239,0.5,9512,0.32,375767,0.41
03/24/2020,743314,0.13,650300,0.29,7120,0.02,139194,0.5,9133,0.31,395493,0.43
03/23/2020,711138,0.13,1032900,0.46,7379,0.02,139285,0.51,9902,0.33,361514,0.39
03/22/2020,409364,0.18,1081700,1.09,6527,0.08,20830,0.22,4824,0.27,277051,0.34
03/21/2020,620662,0.2,989000,0.74,9624,0.09,23700,0.17,6467,0.38,382993,0.44
03/20/2020,1312249,0.24,1072600,0.48,14656,0.05,145160,0.53,12744,0.43,563262,0.61
03/19/2020,1425564,0.26,759700,0.34,14884,0.05,144466,0.52,14116,0.47,569696,0.62
03/18/2020,1629413,0.29,577400,0.26,17991,0.06,146118,0.53,15942,0.54,634853,0.69
03/17/2020,1793359,0.32,1044500,0.47,19979,0.06,147391,0.53,18173,0.61,650445,0.71
03/16/2020,2184296,0.39,1087600,0.49,28810,0.09,153262,0.56,21145,0.71,708870,0.77
03/15/2020,1159079,0.51,1075300,1.08,24525,0.28,32641,0.35,12480,0.71,535988,0.66
03/14/2020,1672800,0.54,1060400,0.8,34730,0.32,39701,0.29,13394,0.79,631101,0.72
03/13/2020,3496765,0.63,1074200,0.48,46464,0.15,167176,0.61,26640,0.9,860419,0.93
03/12/2020,4163674,0.75,761600,0.34,49293,0.16,169548,0.61,30814,1.04,881188,0.96
03/11/2020,4712462,0.84,585500,0.26,59054,0.19,175074,0.63,32198,1.08,866706,0.94
03/10/2020,4883623,0.87,1021200,0.46,61990,0.2,179050,0.65,31315,1.05,855585,0.93
03/09/2020,4989635,0.89,1061900,0.47,66875,0.21,183953,0.67,29609,1,860073,0.93
03/08/2020,2122328,0.92,1093600,1.1,59879,0.69,60800,0.64,19477,1.11,765084,0.95
03/07/2020,2817082,0.92,1070500,0.81,82062,0.76,75839,0.56,18117,1.07,827908,0.95
03/06/2020,5204732,0.93,1077600,0.48,84726,0.27,205056,0.74,30970,1.04,945408,1.03
03/05/2020,5513656,0.99,756300,0.34,76897,0.25,194387,0.7,33209,1.12,929298,1.01
03/04/2020,5515945,0.99,586900,0.26,74878,0.24,192689,0.7,34297,1.15,905558,0.98
03/03/2020,5498556,0.98,955300,0.43,76429,0.24,190648,0.69,32767,1.1,882175,0.96
03/02/2020,5347055,0.96,1023100,0.46,77635,0.25,180702,0.66,30338,1.02,874620,0.95
03/01/2020,2214601,0.96,1077000,1.08,,0,55826,0.59,19922,1.13,786961,0.98
